acc_x,acc_y,acc_z,gyro_x,gyro_y,gyro_z,roll,pitch,yaw,elbow_stability,scapular_hiking,trunk_compensation
1.802481323397697,-0.3743793732597905,-0.08917184169498,0.28223411092238726,0.3772033522827157,0.04255531892409527,0.42870442714629425,-1.0616216622955064,1.3277624571240083,1,0,0
1.1590294461852058,1.1752282664016338,-1.3135958848793488,1.8864048475088582,0.48753265222918735,-1.1973773919615072,0.9494732467210024,0.373695280691108,0.06148076602096979,1,0,0
0.48877817954773295,0.6361190567761645,-0.37031790058754804,-0.8254521950990925,0.7875231994334366,1.321280356440706,0.61520940549492,-2.346916709674056,1.8685424850889532,1,0,1
0.2059770672137334,-1.7943724459880102,1.8828291923223992,-0.8789422199648232,-0.11253806728766765,-0.9368037381461308,-1.2909756908540302,1.6588347604498628,0.3305626293435688,0,1,1
-0.4774674973108612,-0.6476880623103347,-0.6066528548701824,1.0470899459715888,-0.04819660884460015,-0.4061850910245084,-1.41657776619022,-0.680913981247902,0.14339342734966318,0,0,0
0.439991090205487,-0.04820049109516447,1.0209235371472003,-0.8380812701767711,-0.3318908859519629,-0.9799308371532872,0.25525259836017716,-1.2857572796140098,0.18141801952732492,1,1,0
1.2750073593801785,1.356326915587663,-0.28333302110008285,-0.24825539948206354,-0.09804570634125656,1.949999367993026,0.8189991257569323,-0.8293189784903627,0.1922255748301501,1,0,1
1.646702575317631,0.4006012671448874,-0.3664011283348695,-0.5624545601240576,-1.571371322198454,-1.338345604926838,-0.2095908537442969,0.39620712898739496,-0.1171519635736427,1,0,1
-0.7814629168219275,-0.2772566179206829,0.6634214235725737,-0.6440815476023272,-0.6404174938952333,-1.5166937368506477,-0.44951535881121796,-1.458312282459053,1.154618239413647,0,1,1
-1.9515167135950116,1.3641815246024276,-0.9107509688366542,-0.47823352966153015,-0.04424584596071847,1.2833279218259563,-0.43778170867705296,-0.6710034793561199,0.11454584402482013,1,0,0
-1.4264250558302256,-0.05294758193006527,0.24027983859182364,-2.2964600786266596,0.23029176821155067,-0.18018335873170785,-0.09274645108940646,0.039325259197211714,-1.0151934597774628,0,1,1
-1.5036701996094477,-0.9393293938369746,0.6377214693453256,0.5176589670369358,-0.7809027935396725,-1.5650297621809952,0.5594922561745655,-1.508499511896549,-0.7456094933846494,0,0,1
-0.992390401354248,-1.1271602748850693,-1.430696706091757,0.7012269624336596,0.9958010592260647,0.12105313764247148,-0.3343314752289727,-0.610850637284168,-1.4715133995062397,1,0,1
0.5488761904840542,1.4443428312581277,0.1646908468049817,0.7253650908315566,-0.14403240569803674,-0.5861829119524083,1.6752393692268932,0.16105503270834753,0.038728794435920436,1,1,0
1.984633349069474,0.08923976054440695,-1.756071939232041,0.057371875995383945,-0.7955412005419383,-0.12048341543598504,-0.13734279547371822,-2.0406235400650465,1.3181694607765733,1,0,0
0.6888382855487466,0.9030360407731994,1.363104144591479,0.0491825505257892,0.3376883720197873,-0.8238843259352749,-0.19135059479638583,1.508069406393813,0.766348159119353,0,0,0
0.7558841471014222,1.522317267358606,1.3925371112670692,1.6044937362596192,-0.6024706498839991,1.0876930904987674,-0.41369849235826023,1.7806583458525387,-1.2031231142696557,1,1,0
-1.7178317671443857,0.26725664793205184,-2.361638570646942,-0.10246016857315546,-0.10872954535488698,2.531664901402723,1.16011946088983,0.3372495929335437,0.19454656867317072,1,0,1
0.3746399610963358,0.14884014086992226,-0.5750255572063975,-0.716439208873761,0.36470994705919635,0.7975843016155715,1.0342235889576745,-0.8367120620459936,0.239963500064294,1,1,0
2.682534634678293,-0.6930840868510001,-0.7080158876019667,-1.5972035284455448,-1.2084632496340246,-1.6563849641330626,0.1758288847597056,0.5160029619215132,1.1078637559575832,1,0,1
0.7293532453282726,0.414716073146232,0.9491588521658131,-0.9124003152927991,-2.2334012234975504,0.15873776033690248,-0.3255204704167624,1.0290647973548148,0.602649891949989,1,1,0
-0.45673292167200596,-0.340050587725361,0.7551683456713231,0.2706627775140308,-1.958347330260888,-0.17369066642003994,2.3991834199312514,-0.5905909980804513,1.0210783804659276,0,0,1
-0.31389656874123045,-1.1116573101127685,-0.5720863544576521,1.603824350161478,1.143649852487425,0.4299068479959666,-0.5904014630242681,1.3397818448323773,0.4037958862514092,1,0,1
-0.04676090388155731,-1.0340756375102786,0.38756900035308334,-0.3964436164744818,-0.8372710357975327,-1.021277133078575,-2.2283214582971267,1.91334611270227,0.7956751715990718,1,0,0
1.365408223529223,-0.041404324122421114,-0.02998435796653512,-0.19371865768178553,0.02183384864536713,0.7517942295096245,0.04687267803322534,-1.2862214271270154,-1.4476596739179253,0,0,0
-0.4406827075902599,0.6994466758460717,0.2940862183864507,1.2718957244191522,-0.54777884982549,-0.11009521629395538,1.42652832208255,-1.3616088397448367,1.8789961422554071,1,0,1
-2.103161238429105,0.09484363917813475,0.5071941761834664,0.4439319433891885,0.13088425614285965,0.11884207622741218,0.7987328046603107,1.427255891363226,0.4102055937907404,1,0,0
-1.0356419327033046,1.4441709679238008,-0.0018381524480392038,-1.5319530280683682,-0.9438405682434002,-1.065372215894989,0.19723810706293515,0.4338954124552636,-1.0307094641503758,1,0,1
2.3493354945199334,-0.3848024845820243,0.9124377912558151,-0.32627502430283617,1.854942126828946,-0.22714177679489234,1.1524630745082454,0.7569056378082152,0.31694967857861234,0,1,1
0.43995874159179826,0.34409780704748927,0.5011617182964695,0.6306127110531994,1.291724127690233,-0.34600503657323484,1.0199434003640202,0.8989135508768128,0.21059836324288747,1,0,1
-2.7127461011971774,0.35026537839259686,1.373003023725823,0.003975114104544764,0.6827118155762009,0.7101291247891456,-0.7614937062623243,0.30125716199873565,-1.599216352331346,0,1,1
1.1002794829844749,0.8048712310651195,0.6493495862980743,0.7243285453630317,0.08778165166350611,-0.6018656629840357,-0.7940055741827153,-0.9786880248924184,-0.38427746088253123,0,0,1
-0.3957853698293911,1.2167169523047552,0.03667322384387166,0.8572999444941195,0.852004144708949,0.9717596976306686,-0.2168239643304862,-1.6388164130985565,-0.4098543669903744,0,0,0
-0.8190534741038453,0.11616164369140346,0.15401033188006424,1.3432773002474059,0.40468669850482464,0.7339770335491611,-1.2420829810456515,0.8466917276384486,-0.8657875212675716,1,0,1
-0.9697901223342988,-1.5143868244754466,1.2347136297277186,0.03692393793039909,0.5180598618517832,-1.2652697149618057,-1.1704004251606508,0.7556132364242383,0.9263170042926188,1,1,0
-0.5772999474709977,1.8037314079355022,-0.29834705239333187,1.1134909247801283,-1.3886934946395102,0.2445085292721192,0.5073773234323192,0.10758484487838704,-0.9099046303065508,1,1,1
-1.389584960198793,-1.1494454099775364,0.42183312270148987,-1.2906450197901755,-0.9411092512550641,-2.0255502140951793,0.7770663821171157,-1.7775047476152726,0.20027842891942924,0,0,0
0.6116282297994264,-1.6829833485640586,0.5992043293033016,-0.9704229351411285,0.22631055968820077,0.3933312132254828,1.1201880549810364,1.7893579375374766,-0.9277729678980577,0,0,0
-0.7466262023753227,0.8333840286221397,-0.7741596687748967,0.309911336709527,0.38213258449177806,1.951470990890919,0.9330179499144365,0.06470535470985496,0.7953630382300193,0,1,1
-1.7798976717604371,-0.5923130739502241,-0.2275340355399665,-1.3675836797717975,0.5456003361958822,-0.5342670531424364,0.6217791635530278,1.2521166914892454,0.33376728923704235,0,1,1
-0.1565786811218641,-0.12212322232994019,0.5058083124086361,-1.370859142103952,0.01797236309854399,-0.37647459364294855,1.2081702264532823,0.873544879486234,1.084990680477612,0,1,1
1.8075449824149266,2.201565720893165,0.22449754851274337,-0.12786125355063718,-2.09285547182228,0.8071230722938049,0.2779751227992349,0.5471008360094768,-1.0104291667827732,1,1,0
0.22955681480268877,1.1209406469328957,0.3709405182435037,-0.4714575926438091,1.447491111465462,-0.06525446436043192,0.4341462919345568,0.3290045792584394,-0.29240663244896525,1,0,1
0.3273693370826823,0.5501125773031623,-0.5615114739386646,1.2769024560401878,-0.8158432363332514,-0.24250480880648753,-0.5165267238969569,-1.145985373437339,-0.38515311587487266,1,1,1
0.4936650773258872,-0.36315061759979866,0.5958443484352625,-1.7194311008650125,-0.2565327376289779,-0.14035596301072165,-2.1898811582036593,-1.7674037457679177,0.7184527455332134,1,0,1
-0.19079446865664823,-0.6350723496614057,-1.7413585505265026,0.974486034748595,0.48220849874733085,-0.07300352797352196,0.2549567301256735,1.9008376630230115,1.1440553099757762,1,0,0
0.04473878866112856,0.5520846093004999,0.8742210816877469,-1.7108742303330486,-0.40823145311959413,-0.09495445344562704,-0.37833478362763195,1.1239137377323867,0.20564392669580037,0,0,1
1.9334921948409278,0.12695774393850973,-0.4898562895112867,-0.680609842541899,-0.08580612036056579,0.8803100194898162,-0.7755085501258584,0.945525196893749,1.0391778197904367,1,0,1
0.9066283159335352,-1.1178794920344186,2.6983165577736803,-0.015361789897272916,0.36242170928771145,0.1830484456771231,-0.3247711641407401,0.939909850137081,-1.6081632510395525,0,0,0
-0.9054422039507364,0.2418287790708801,1.1402945728375595,0.44016121046099554,1.145002414917714,-1.1158717970097694,0.4971340130851002,-0.6295764313469088,1.009699423573099,0,1,0
-0.6818997429692685,-0.1375279289910431,-1.0714642389160067,-1.9093727208174698,0.9809801695551253,-0.0060471855136440406,-0.8734769254926055,-0.9710937825827823,0.5177625878296913,1,0,0
-0.42151709527968334,-0.7471740444036943,1.170596816900559,-1.4494483007771182,0.07177152368123903,0.617037327768572,1.2979971945507605,-0.37591052849495565,0.8773126211844195,1,0,0
-1.0897534145155137,-0.35310517916436857,0.051133388153216476,-0.8847540782347287,-0.6214441287941046,0.004498586963788011,0.3565477544229728,2.186500530278027,-0.14990042088255748,0,0,0
2.486223892664998,-2.0941745098213724,0.2917126159515372,-0.8883889437041804,-0.06187819827122127,-1.270232924987962,-0.17564082770642198,0.039607552160360646,0.7872926398202525,1,1,1
-0.7952702736457093,-0.2740142048966986,-0.014612014285991824,-0.4670683607001945,-0.1946582233401679,-0.3078721138417179,0.7209138452561904,0.19818779810735457,-0.9268381407288006,1,0,0
-0.5607451486739673,0.8537988535818261,0.005618460377384887,-0.8291541234833995,0.6083767087744176,-0.35164155099896216,0.4533305392603426,-0.1760895662689132,-2.763983824435321,1,0,0
-0.7566600742301098,0.853969659208409,0.9485822228719655,1.0864045042231156,-0.3644559269526087,0.7062564593316794,-0.5220102018222257,-0.3402618828938608,2.381170581976882,1,1,0
-0.8450116215285477,-0.6068228509333279,-1.5399705420931709,-0.4879162590302977,-0.9693963870231492,-0.7950544640283261,0.2788360364062851,-0.9493951406171351,-0.7800343977558849,1,0,0
-0.06280553071223893,0.38526290566484017,0.1641107994204949,-0.9957759011654531,-0.5990238181330466,1.0646675964636738,0.6868291827527127,1.8961731899643604,0.6936347610544858,0,1,0
-1.4153903988543546,-2.4719671081251344,-0.5408440140896026,0.22651594946359732,-0.5908772840589175,-0.12304226510665343,0.10766049245097287,-0.816126374780595,0.2647021634384717,0,1,1
-1.121567055467667,-0.1276092833835533,-0.9814424457846161,0.06627089522459963,-0.8951449940566444,-1.2050586208927008,-0.437908373796008,1.487879987908861,-0.11349979934090558,1,0,1
-0.8023814681753767,-0.09755724671214591,-1.939793907699554,-0.21068742167192298,0.9901521173137136,0.11668607711191256,-0.9618976507739248,0.614182629321986,-0.8956922881421387,0,1,0
-0.685191484301758,-0.10664981679344979,1.4059835122967794,-0.4811049192289179,0.17817500192671898,-0.4864165521593502,-1.0824546986431904,0.4835647027054336,-1.9314097186527088,0,0,0
-0.9840254266877426,-0.4202336886068607,-0.1635348857107078,0.04542567929291409,1.3330135126007712,-0.5568400080633367,-1.304671803535724,0.6433383051826094,-1.0489287133270728,1,0,0
-0.17571846428360297,1.7671176107339226,0.17749261806134714,-2.6689147814854652,0.3773054359589289,-0.0246921920348017,-2.0130556373593125,1.2112554964669513,0.8674611512491401,1,0,0
1.7865070308824758,-1.615735655753386,-0.016030321326773372,0.20179856031954385,-1.5105411185222177,0.07193146618670022,-0.36582228514216875,-0.574649266688252,-0.2124892481968033,0,0,1
-1.0054865862661457,-1.2380708636586595,-0.5609694364515001,0.17945620743828727,1.61208276980274,0.7769622351875208,0.9405753936881548,-1.0422184273444868,0.17139097544585516,1,0,1
0.7098181778663901,0.31417849661589364,-0.2277296758484488,0.4315917661808511,-0.12620742500705548,0.0687688931809471,0.6628001635476491,-1.651307548003994,-0.037672882414466306,0,0,1
0.9995772831279319,-1.1590288470324148,0.32792228301491694,-1.382884731955383,0.940465020260805,1.2552379262836013,1.8952297613857754,-0.7155990004336918,-0.33462889545301233,0,1,0
0.11762196718257838,0.9421667877315483,-1.2532934917121419,-1.0329848653171736,-0.03640249903666574,0.16580864087200992,-0.20501787456004494,2.715066690854777,2.227074383023736,0,1,1
-0.0836972932200035,1.4009840754913303,0.19843995686277485,-0.09844502260651118,-0.8611318376961199,-0.5416563767956554,-1.2949839833328443,-0.878664888430434,0.5917693153241537,0,1,1
0.4767888163569606,-1.4304567559192476,1.9797456621575273,-0.5277763296867964,-1.1160220529841236,1.2991251160706987,0.7488430449510312,-0.5612462699198106,1.1821916741828615,0,0,0
0.8136524165916538,-0.025001137193529487,1.4727034779374453,0.7924160438559162,-0.639600594345413,-1.1962829492786957,0.8765692860485351,0.8645918312930395,-1.0403606150083988,1,0,0
-0.12839580234431744,-0.16773963646304668,0.24732718039928378,1.0102893201437424,2.4492586362191977,0.45434727949617915,0.015045544668521468,0.3753325605864061,1.50742151652796,0,0,0
-1.9110766459533093,-1.3706038455208371,-2.5076605856068985,0.5610911285007724,-0.2275570631811881,-0.1125081442251605,-0.13955414347834794,1.8924853061796827,-1.0232988219650634,0,1,0
0.5818632007552437,-1.433787318807755,-0.9590243637041124,1.405433867773359,0.16178738220834024,-1.362775625358932,2.178138467031537,-0.18632210605656935,-0.0692549678145888,0,0,1
-0.06759085810446695,-0.8214845425952674,-0.42989904589702915,0.2133671188943424,-1.0860058936203338,0.9323029456595238,0.624427217734403,-0.46028771437875393,-1.2125420458798495,0,1,0
0.5090440659814643,-3.0269050048308674,-0.01905927887840781,-0.5255318558336993,-0.5148670647609048,-0.4001706776274576,1.364010825989507,1.1334741220213829,-0.9309513225532268,1,0,1
-1.5566400748483455,0.6638251101404741,-0.2342375006967054,1.3651046897213321,0.5909149125330302,0.6181540681269156,0.7628348102235946,0.7274102926859232,-0.07343005875041644,0,0,1
1.7151394938172844,0.6228339458059882,-0.04663672755164049,0.41893382194291734,-1.8678992290164391,1.3738906953625953,-0.25814743741631674,-1.487356383867681,1.3184328050853464,1,1,1
0.9714278515159526,-0.9736714013711314,0.4127328127996533,-0.2924553923195358,0.4876982188690278,0.003381116704860806,0.898788288449699,0.3191640375703743,-0.2361821241283479,0,0,1
-0.819863746155199,1.965899630636788,1.7668608136394142,-1.6688889333985346,-0.22368016995975706,-1.078535660058092,0.9462583049965053,0.7240516876600278,0.8063720042663693,0,0,1
1.943018388426004,-2.1469797264094987,0.5426956545825518,-0.6756064604696026,-0.8386531857292073,-1.2649034611256222,0.14560173153764727,1.0866215269407837,-1.5568335074258737,1,1,1
-0.42880448344465005,0.531981095976616,0.260461677955405,-0.5046257509465714,1.1528372123972321,-0.8580619162151604,1.260192658182931,-1.0730467434321926,-1.8502600984793496,1,0,1
-0.06902907435249668,0.11454361966426164,-1.9400624235399644,1.4182403133278696,0.6976866333383754,0.07472509206007498,-0.4299130986904886,0.10685590667980613,-1.1263130911335342,1,1,1
0.5570558650476811,0.894212101419346,-0.06261441218635151,-0.3724868877310975,-1.4457718266595185,0.5544566497826894,1.021850084581737,1.3450466269206556,1.612979797562947,1,0,1
-0.2860631943606825,0.28289444549370873,1.0467101796054321,0.843856601220994,1.048784842208529,-0.21822442121112992,-1.2787907828112814,-1.21702897726582,1.0636988254297723,1,0,0
-1.7597774713064964,0.5729354885474245,-0.14564206213752043,1.8998633703596066,-1.5910545190026721,-0.9443218180815313,0.8075215817598606,0.5496001216915115,0.7862880101575339,1,1,0
0.27211784534815864,-0.6789110426080485,0.07385696433856814,-0.9208591628088404,-0.5705809825640746,0.54696421204145,-0.1080795480481565,-0.3800166263181507,0.19923604349312643,0,0,0
-2.1605208947721066,-0.8008071936204098,1.8475201759958813,0.10698723004865435,-1.0983173592066309,-1.5615072971494044,0.6958410847743225,0.8263540817585608,2.24834513322803,1,0,1
-1.1073123858248475,1.878776185950311,-0.17488383023625745,0.7191637014767005,2.3549438813506147,-0.7428186570863381,-2.177568904576166,-1.121367566858479,0.42104388547434246,0,0,1
-1.3532654277515472,1.1143416897915064,-0.16927537486354435,0.8926971899794517,0.7012032077496373,-1.0426095182492154,0.05285215712354706,-1.1220425332976782,1.6023225883868035,1,1,1
0.16022676696153132,0.17520097086060615,-0.4507216656683394,0.719108318819541,1.2006831069596722,-2.281823930529413,1.3433601278753404,0.02821066446796268,0.4753705951593153,1,1,0
2.013481773415199,-2.6354948472460276,0.2043638313916633,0.6881018387485268,-2.4833860759059516,-2.3858468806402584,-0.1086234321089804,-0.34757503676168505,-1.3133438685506256,0,1,1
-0.6968158666700943,0.18143510703870383,1.4075451204370404,0.5128288046358133,0.9496782401931405,1.0253685896663887,-0.7977993022690966,0.5225776766972529,-0.6432127054176832,0,0,1
0.397869061581658,1.9015007381834488,-1.1389376785799563,-0.4630882284956451,1.3627995535595054,0.23505398676788042,-0.13935588909134708,1.8767437548521406,-0.11095663500311213,1,1,0
1.1958289923940644,-0.4839268147397054,-0.8372593773863686,-1.2385133034914249,-0.40845805556509945,0.6591620953526762,-2.0997880053479054,0.26049788760293413,0.3913197788053583,1,1,1
0.1288532677273956,-1.1744585781387078,0.7281318365121308,1.002635825702608,-1.626026908795598,0.5444936507795147,1.3180635761814419,-1.2264155849280132,0.9829988572944547,1,0,0
1.620376947827551,-1.5772579661290609,-1.3924269542872083,-1.2607907824727993,0.1619263642928209,-0.785544566280126,-0.7809353648511974,-0.3085237425691358,-0.5770169533305477,0,1,0
-0.0644296072636342,0.3790340521429562,-0.02082125377680426,1.9785312516919686,1.5885963116080555,-0.32156746909263473,0.2949441395475483,-1.8298108564300692,-0.8131336445655674,1,1,0
0.17466828939604023,-1.0094605020138567,0.7204801263079906,1.4848386274234517,0.39696551464081936,-0.448321594267207,1.1788123158955746,-1.3481514016436795,-0.47822644371045603,0,0,0
-0.39575614576758344,1.5585843075122208,1.2097523700285082,-0.6822968289079168,0.6299789510033896,-0.5627164675965566,-0.7057016952786065,-0.5256456671692533,-0.2428601085708207,0,0,0
0.09998420532785925,1.6998866501871754,0.45802571423412947,1.354209163373791,-0.605933860919439,-0.4010157624954859,0.6787174311761248,-1.3155439487901979,-0.3720695683436695,1,0,1
-1.9123118297360446,0.019060598803929216,-0.7247191152167138,0.02565020275110552,0.5323826478871533,-0.12582355594669659,0.14192165703870596,-0.4771045819754371,-0.027449398302547164,0,0,1
-1.1584048182436044,-0.40123548691534777,0.6255650436863752,-0.10792942614205148,-1.9391226503641816,1.0161671950213178,0.41633092424901286,-0.22176932550419437,0.25016085823015277,1,1,1
0.2317698881726112,0.23303602734101225,1.3280535843288495,-0.7194528710038162,-0.20344337972594478,0.7693168918634643,-1.1748255622602017,0.3870118136028092,-1.198802235004715,0,0,1
0.5832145201514028,1.3543250818406523,-0.8005170161102746,0.6675097110432431,-1.1507641519304828,1.0412081001871014,-0.02276619698892452,-0.5898700723274408,0.9906779975184579,1,1,0
-0.4621265361824394,-0.6015649722517641,1.0327995551753697,-0.12476294332717615,-0.042713741173475046,0.4928370676656894,-0.17078099176065067,-0.14551420617936384,1.2700655599389767,0,1,1
-0.932834924588312,0.9429872289730815,-1.6815694427405874,-1.9027507563978376,0.594794472831302,-0.3431365659522702,-0.3483436341050991,1.336906770705179,0.10318007729082171,1,0,1
1.5810812981985702,-0.06448112278581072,-0.11804309484618354,-0.9306579043347524,1.061009851035475,1.6579653252648312,0.43222452304262676,-0.4630951384658357,-1.3686822221850685,0,0,0
-1.1708299631031036,0.2918917442041286,0.5464235113897477,0.47615573711910697,1.0268212496100864,-0.4714590904579404,-1.2371831001170805,-1.0795926004947622,0.9523017750346014,0,0,1
1.0657419976379368,-1.1467416806146442,0.6866237930094455,-2.033865935603699,-1.162517704275866,-2.2015594015545106,0.04700786205495744,-0.8029906151796092,-2.2226922348024365,0,0,0
-0.4452501859482254,0.19077185905239888,-0.29508162337869737,-0.7000720682038907,1.327276810651675,-0.8172463911739297,-0.06197934430874447,-0.06950802570880678,-0.8602638957869301,0,1,1
-0.43405832042764064,-0.7085141677869989,0.1138256689391863,-0.49841333388456077,0.5806513473000527,-1.2458901774812652,1.155085095248357,1.0824349788037162,-0.6305160409759252,1,0,0
-0.13281002928806043,-0.2706023798342769,-0.33615788449090545,1.9952548954764477,-1.0661288230067032,1.3175009769115973,-0.677265738130337,-0.8955322540394751,1.0472008751156197,0,1,0
0.8125435159179974,-0.43989286459627114,0.6793761284267736,0.1674568905290756,-0.17032334130404297,-1.0568764874205159,-0.991054103198549,-0.15613044619454328,0.4487110194367821,1,1,0
-0.28735617742312614,0.28122716288003397,0.4067020624256991,-0.22380315477703583,0.15630226999908098,-0.4853075685882538,-0.6631834615198151,0.7610119743204496,-0.48929428201630903,0,0,1
-0.5154037737801738,-1.1293657701085296,-0.7591826841879273,-0.61130599865417,0.43901373419046164,0.3381945975483404,-1.0788158953459164,0.3064534263889962,0.7761275699552131,1,1,0
-1.4102783606034661,-0.3120833515777887,1.8634009671847884,-1.5326819951098876,0.372586517619873,-0.41820310658070214,-0.42343566552595907,1.8978211188870093,0.7752101939929859,0,0,0
1.2147494058497728,0.31291798629136264,-0.8052402761730918,-1.4443539216408736,1.1509432283913406,0.34008705944088496,-0.42620719357628994,-1.826911864630165,1.4051718622628417,0,1,1
-0.38937476229362356,2.4193646388413677,-0.4386474960601432,0.22869575046530713,0.7185182713336733,-1.1249883488020989,-0.05989784812950807,-0.02830197173419276,0.2505914671229977,0,1,1
0.10863190325349571,-1.632977811105001,-0.5223090755330914,0.013848144176780207,-1.0259829661499287,-0.5562036100935829,-0.00029003358593755594,-0.4994697429934399,-0.23291883918082246,0,0,1
-0.14338352510125013,0.6130735629782337,-0.23848659777609654,-0.41689383937947017,0.354525664548631,0.07277714423626297,2.51670925282773,-1.6133233249802286,1.5833126808512197,1,0,0
0.2992258975592514,1.8529404726104006,-0.43658684774698914,0.42987886809429066,-0.01328642454896843,1.4220568754267233,0.7292231740087954,-0.988931226932318,1.5549063046491627,1,1,0
-0.020661351607021324,-1.1708235560713802,-0.44713109006872237,0.5253042068093425,0.10178594836809525,-0.07622618287791286,0.3390839661565047,-0.603648256065819,0.22401182563113092,0,0,1
0.4508579413145837,0.024294087781541872,-2.717363432718492,-0.3330887381141762,1.1956990714070923,-0.8690901610862104,3.692874943775694,-0.9956354917021498,-0.6144077129299369,0,1,1
-0.927982742649065,-0.45441934359656744,0.4061623399446793,0.07973574170390364,0.38930941761747173,-0.49847115538469977,1.0448464364153283,0.22482132785189035,0.017827371642095937,1,1,0
-1.8682558934870035,0.01013107611713914,-0.5323338531143321,-0.8046490190229308,0.09774956129337349,-0.8919875764992065,0.1858684672447327,0.8877938475077024,-0.09483708185302922,1,1,1
-1.2806485922774358,1.4055275208341853,2.3869888312341034,0.5442976930221131,-0.480857903532035,-0.42242816978229747,0.6300987414332322,0.49597102911567703,-1.4420388804381647,1,0,0
-0.7154623395796728,-0.5822615250605385,1.259746316538914,-0.2645649388553296,0.17831498873011753,-1.0296537398446026,-1.6242403478241505,1.8270738824900936,-0.3354828403814616,1,1,0
-0.3778103662496627,1.2731783091234998,0.13392322939071244,1.136598851149631,-0.8689288577991687,-0.9465967909209604,0.25851205954563544,-0.7843101731782887,-0.21631019786487024,1,0,1
-0.7071464846992955,-1.678373001470309,-2.2554190770661275,0.39983442622787585,0.4828486582470906,1.1913454072839562,0.8342902195994348,-1.610160222476865,0.11018470758090604,0,1,0
0.4826290625313044,1.4935349912998022,-0.4624186575548106,-0.5656169140531436,1.427269208230375,-0.4871954256203622,1.1084733927100037,1.6124990881299996,0.2802224527209425,1,0,0
1.022046826986232,-0.769443574204624,-0.6007346563996027,-1.3201537389636002,1.525553148413326,0.34826310106320046,0.4274995921026759,0.5850061619087774,-0.5443344685382033,0,1,0
1.0450293588614423,-0.5423742836858001,0.7560410738362225,0.024501394877891134,0.44116715170161847,-0.6057760981008072,0.6762699669539425,-1.205897891503637,-0.9682700742711204,0,0,1
0.9732930623613153,0.011908192917703776,0.7490915137011875,0.25405466870473875,1.0381511272025086,-0.042736010782536395,-0.6723742248265151,0.6484624902813811,1.834369028545288,1,1,0
1.4683107918994338,0.31200797116891255,0.42232028253814774,0.05836205579954354,-0.058183838436336816,1.1051276852397312,0.4152428433005136,1.0702834218374662,0.9976677026943398,1,0,0
1.9667300751728742,0.1713856574904869,-0.10769128074095971,0.8693509652554889,1.9503297445931798,1.5807627295899727,0.2102881726486722,0.2913133308648594,0.13419669062479225,1,0,1
-0.33461634286963615,0.1527981737897621,0.6968253016173191,0.4867986816462784,0.2720573042336887,-0.7346182382592348,0.8525845096426836,-0.44735341661350747,-1.2519425889954168,0,1,0
0.8837960103318301,1.6007626800148387,0.12098931322775114,1.431229658718499,0.7937003525910982,-1.2239439440128972,0.07070530536440535,1.3910182533470186,-0.36975012621751113,1,1,0
0.09600664171544562,0.8694064666893168,1.9519725726459065,1.0785139535764874,1.3755133491297624,1.0603940565886143,1.2310534603722378,1.7892742715977337,-1.0570942644162655,1,1,1
-0.19418579759080218,-2.0617119904083894,0.4503923920199969,-0.46777206923254294,1.3462851469119044,0.23497513959658375,0.4713052266273985,0.741105916684136,-1.040004806297141,0,0,0
-0.3930932108602067,0.16961300572315371,-0.5497852597819118,-0.3070199268251838,0.16941047073660384,-0.39053320235805467,1.0935217528501617,-0.8761097697036895,0.2968661526472852,1,1,0
0.4241179327252522,-0.8777058143640859,-0.0844076192208809,0.36379405704472545,0.6529526552326584,0.3131129751624371,0.5917707802208932,-0.3077413647237959,0.1494277837139446,1,1,0
-0.3494752431485225,0.03609910399816832,0.37587514654495,-1.9647106692261822,0.886993678800675,-0.9027558774906471,-0.8441756527944633,2.1091794397141967,0.10179411138640519,0,1,1
-0.5794531004616447,-0.48418084212934837,0.7180990333420814,-0.79497190597198,0.32971413738387995,-0.9160253034319881,-0.5119691684079436,-0.6953108760941752,0.7079160390033388,1,1,1
0.31707532237843833,0.4362037749683171,1.140081808730402,-0.34270565274161846,-0.5089410842812709,0.9283322893288063,-0.7345055386591601,-0.7103038153434297,-1.5214903315601203,0,1,0
-0.3721550298657453,0.9502124173849144,-0.2690501249744216,-1.142438576744236,0.4624566822614741,-0.14789469187866167,-0.16666973344818903,1.6013734868564138,-0.1381997192469267,0,0,1
0.847126727345151,0.27556456806525503,-0.26346792466117447,-0.4157852392600053,-1.5225016283220083,0.08138809024150498,0.1499850798481612,0.01986828866558913,-1.1336036412239439,1,1,0
0.3674700893438479,-0.3617836182449505,0.42155477006233655,-1.4712600825982294,-1.2103377022689072,-0.07387890383437368,0.3049577406542943,-0.24301253806333578,0.08105768723602244,0,0,0
1.1505550486133724,0.6667177236868891,0.7616214291120436,0.19629472688408162,-0.7167208036363737,0.4363494325027938,-0.033690515084304054,-1.1329063764680103,0.3553169595580678,0,1,0
0.03955462226170241,-0.15203906773319484,-0.4103956616755372,-0.9422318174414053,0.30847746397688,1.0444366480028726,-2.8682672387627415,0.3815885418741425,-0.6090913980208512,1,0,1
1.4454523358406686,-0.7371639468587197,-1.206307667899724,-0.9301811492070892,-0.3671130991183763,-1.3697131347815152,-0.2579151143336573,-0.25194159437089136,-0.26559734646125216,0,0,0
0.8909459522462265,-1.006056529276837,1.68273728868411,-0.05527143868973409,0.2599230083577525,-0.40661592336596,1.2727890298365387,0.23855019315609835,-1.7955963802892383,0,1,0
-0.9400280838712681,-1.6109173011816722,0.6070699083546622,0.4865389186057426,0.08999106558922305,-1.6615599706592699,-0.5583346720645714,-0.7745949867340796,-0.4546992798775127,1,1,0
0.5247271117079497,-2.1931388971847707,0.3048305106397365,1.6401815986235944,-0.8234792770345245,1.275306389631665,0.3150618373743465,-0.7481211846961163,0.8166246061701132,0,1,1
0.338811007136028,-1.5764995571145841,0.7122094232148196,0.1391127138757199,0.005981794884302301,-0.06230456504636466,1.5107477270429186,1.119194898516369,0.1248690107513591,1,1,1
0.036776914882332985,0.40935112550585717,0.17772467153633734,1.826197568114138,0.8812921705516021,1.3957679909918566,-1.2659329457125665,0.5925492080351269,-1.0836273514173518,0,0,0
1.516196436383282,0.20219717016102243,0.26512552362825587,-1.647454586116143,0.07447162032610004,0.34920806544337435,-0.2756609430870147,-1.0841494821002091,-0.5943878909177277,0,1,1
0.8459799807681355,-0.601485655440276,-0.7055584915915054,1.0984179523209423,-0.33520135095135145,0.9916932914306462,0.5884062457563538,-0.4512804813205575,0.8858417529423702,0,1,1
-1.5989248222075876,-0.38881322729341544,-0.6572735987059285,0.08056010950949763,-0.34633863214918564,0.38107374157964635,-1.125337090175584,-0.2621609977923317,-0.8105100956289294,0,1,0
0.2603254236233678,-0.286853115054451,-0.380543251701413,-0.4231419067371181,0.5957374805661345,0.11217408769087957,1.2527033272546662,-1.1411308693661213,-0.4314243176533869,0,1,0
-0.2604989907128556,-1.037395013264475,0.45639002927244776,0.8228870381992661,-0.5231458237242385,0.3353878881998937,1.5850171671029687,0.4492528842521854,0.7895428718021765,0,1,1
-0.4971478428405331,-1.5476446509708128,0.16428047374266655,1.1703850098164024,0.6355805153237444,0.7572384697634135,0.24374166117700208,0.4893766883386422,0.5377149132049801,0,0,0
0.36867378511369236,0.23396568580131993,0.9404818891896124,1.1259597506946122,0.5755345966762816,-0.702757023597526,-1.8452705188699037,-0.14742088103693815,0.8366529011935443,1,0,0
-0.10233500714899241,-2.2721370700006056,-0.4688789691013549,-0.28671238892359263,-0.5198456540212536,0.008496047293540329,-1.1367424861595292,1.0366294773218234,1.1501619724262182,1,0,1
-0.38026079134743657,0.5584452171825095,-0.9679015647027487,-0.7155518758824279,-0.6530620352502119,-0.32512917812440495,-1.4517364305796499,-0.8066888259767203,1.6652596492200435,1,0,0
1.323220665968041,-0.2178440099790993,0.6025054198036346,1.9687470337917432,1.4056816677771184,-1.1129309310475428,-2.0641880219130844,-1.8255610611637896,-1.127644851125874,1,1,1
0.454752333257232,-1.0157232669972565,-0.09839399197703079,-0.1703849579230435,-0.49552119629946234,0.6761106740119217,-0.4825444630140207,0.009753215993355885,-1.2369573196998422,1,0,1
-1.5152250393516402,0.9648978308714314,-0.19077572712631485,0.5945065847770997,0.6881290894853446,-0.26369145707711533,-0.122825096401753,0.4752228426682932,0.4398821130793904,1,1,1
-0.45546377656583154,1.098752310790867,0.5200968134938974,0.0004192936426820961,-0.9302191016979889,1.461768983488172,-0.39726380292065466,1.0528991805793506,-1.0440898699541865,0,0,0
1.1273252715316475,1.2365060678063882,-0.19996005050412688,-1.7052354096314706,0.14794147946413344,-0.5856821161871398,1.0325159485248696,0.2542633212021784,1.5579441178571258,1,1,1
1.2347657002267254,1.4312673892812362,-0.17388486404837897,0.6360494580443575,0.48309290158010637,0.20556927390299415,-0.1529125001247004,0.5830884081692783,0.6448556372785184,1,1,1
-1.7814500721126,0.5858078567355287,1.2168602783888343,0.07470392238639241,0.5705353874588198,1.4203268823067488,1.2809965694146426,-0.03582379151037812,-0.6173013829802771,1,1,1
1.2733641334539187,-0.46556412526836755,1.0623487408312162,-0.2283219251111799,0.45896673124778503,2.158289485780563,0.14246630505756702,0.37664711167311815,-1.8448217815639187,1,1,0
0.4186993983500156,-0.7839109899684624,1.1022922199347547,0.5288173816703,0.3410514253486687,2.4916716866917277,-0.8226896032037707,-0.4659231143083409,1.4046856433403403,0,1,0
-2.259517375049378,0.8618604658175423,-0.5865344354523332,-0.11105587561494795,0.27118823543434534,1.0022680072270245,-0.9275607691717361,-1.0831028416979378,-1.1542050092207272,1,0,1
-1.211067520332048,-0.4153430890407186,1.3736662010616592,1.2473962577773918,-1.6776312966068874,-0.7719635962005519,-0.5126442867197963,-0.07207392677043721,-1.046148939286044,0,1,0
-0.03776612403767261,-0.5845144084874435,-0.22711948217419792,-0.0598153867608691,0.42381401333241325,-0.6554665147665145,-0.2792048322022109,0.41423305579443054,-0.3912403019669448,1,0,0
-1.8568239845371013,1.14322325159463,-1.0540163943156595,0.7565840034826978,0.02483550700715719,-0.46138469726814024,-1.2538924829645717,0.4523709160751097,1.228827514214662,0,1,1
0.4764186554930279,0.2176041563240805,2.065925943950943,0.4299067834541636,0.5265184037918721,0.12315536976515191,-1.0164767299971214,0.28126697647359544,1.0489905311192622,0,0,1
0.38230987232196556,1.6811831223927625,-1.6759359232440492,0.7651656013970165,2.1930100263775145,0.7077365438734843,1.1618402441538453,0.752986649908884,0.38619491405531986,0,0,0
-0.4325604437770668,-0.24872107129792842,0.28449524757535655,-0.09410312797905655,-1.0704096861235441,-1.0473818343210495,-0.7645188414540693,-0.5644713516874083,0.8852032021727541,1,0,0
-1.6984376191497934,0.83350348484771,0.03898248328792253,-0.3171246793791188,0.31043704494678975,0.21676600652983372,-0.05644931489756301,0.5232150146065316,-0.7826983133016034,1,0,1
1.1456826995918794,-2.5499152161377827,0.5549707346560268,-1.1048990464921393,0.016673240929492662,1.396105008980154,-0.8296486794000469,-0.14603851712510044,-0.059335289981575556,0,0,0
0.1824851629590068,1.731972101563441,0.9877046888126915,0.5109904913304891,0.6965540863387442,0.2603674598775491,-0.1441540047774633,0.47052275344527045,-0.2058670296026031,1,1,1
0.37765960833313367,-1.2680519062477982,-0.05946762431104868,-0.41316108641009375,-0.26345521065552546,-0.10318245581373867,-2.202930081568951,-0.5828371127346501,0.8291202063862978,0,0,1
-0.5144624154608625,-1.0621511983653182,-0.7507993491322541,0.4276354829739996,-1.1240880229010715,-0.6605376643205809,-0.03471873232765026,0.5135416289839393,-0.785282751802104,1,0,1
0.9688056546061462,1.113160820117566,1.6473112557813478,-1.1657279850833668,0.6278232215150392,-0.006756004388681388,-0.6776816583689661,0.31474642008916154,1.287921951683585,0,0,0
-1.1916241273805421,1.9889988086640233,-0.383914336029287,0.047306599647197835,-0.25791378179175095,3.2916834772217376,0.16998790288081184,-0.5120614463949503,0.0162583561386778,0,0,0
-0.9180336499830273,-0.1663680536148847,-1.9655150883819354,1.7218416865929311,-0.9191920390683258,-1.4248880831263389,-0.1352956087893773,0.44970524825140246,-0.38124283605550247,1,1,1
0.3789774580567721,-0.07938548569108228,-0.4188162855362088,-0.03529190590113832,0.33331768790550625,1.1309866168421243,0.5122181496055959,1.2326713236077198,0.20937165511447392,0,0,1
-0.6149916915752454,1.8052607087528194,-0.6038521145831359,0.8326666467723361,0.008686006078738002,-0.13799055676565883,-2.3848735499788387,-0.19669680862804562,0.8097816319567529,1,1,1
1.1789001395020928,-2.823189970138849,0.24930307672048355,-0.021837395972815157,-0.331890153341595,0.7793375938132915,-1.386855051173519,-0.8312814707543887,-1.7407964910593126,1,1,1
-0.7026605300983977,0.1338847289316076,0.22427639157888776,0.8266938204883831,0.2652590040392201,-0.12067458603928435,-0.035545868145661394,0.091160088344991,-0.017149710184484794,1,0,0
0.37663499322931804,0.2536152134352902,1.6203662094433546,-0.17926961833032978,0.13686063858891412,-1.702043080410286,-1.0099954192063716,-0.3717471273410258,-0.4749479630745952,1,1,0
-0.6929302877701973,-1.480358934674827,-2.564796354767203,-0.13780606470183476,1.3760247266334096,0.5939981473471151,0.6168625445465781,0.8398131544695356,-0.47219726057829847,1,0,1
0.5554060637944873,-0.5464726045927915,-0.7907724617903978,-0.19488225815901636,0.7443160313280139,-1.149422391192011,1.6385642396465585,-0.4941038882541837,1.8263562107444418,0,0,1
1.0791605367940802,-2.914636273334843,-1.3159652524423304,-0.6924536953677864,0.7045290731811362,-0.7078592086409407,-1.1932920474887152,1.0950893998625753,-0.41095159568444045,0,0,1
-0.4946305432703516,-1.692669050650839,-0.32521203729187614,-1.018522457858418,0.10646136116829516,-1.2170132803308196,0.07251253498120809,0.36200292748136637,0.160362525919293,1,1,0
-0.19727933211883508,0.11650964624459643,-0.48500040269175393,0.13740818307849678,-0.7416092689512306,0.16359361823970212,0.2887225403098198,-0.16117511498999637,0.5879555427609465,0,1,0
1.736698826280158,0.33551371787157186,-0.07953581313448982,0.17631690370935874,-1.2191354144849893,0.4629680990160335,-0.9982889830480707,0.12614434314251924,-0.2946696166613067,1,1,1
-1.841325848510165,1.4782655581545503,0.477893474388083,-0.47060381270009954,0.2607916417918175,0.5508845915491035,-1.4056473703944214,0.39632862710726635,1.2262464968237872,1,1,1
-1.3371895581688336,-1.7377313847779305,0.08806947711509258,0.7121536390019874,-0.4248826152219617,-0.4645174724180067,-1.5126441276132199,0.6584796106633182,0.1636178530885196,1,1,0
-0.16165909194334474,-1.9063737880229594,-0.902021645894298,-0.35548458685327866,-0.5486989781458936,0.9836818029006756,0.7315528629758362,-0.9401558370341196,0.9444018493143238,0,0,1
2.3481967757686872,-2.0380480801751397,-1.8030988467380582,-0.07751344834677984,-0.6039855398109935,-1.5303992531962993,1.1842605497182317,-0.09452147075155332,-0.6480268888428539,1,0,1
1.8246637964074437,0.18349359056044423,-0.5906289703528232,-0.724180555937624,-1.2186332430743547,-0.2811743793140384,1.099260356935909,-0.08947556519867833,0.4007560768840214,0,0,0
-1.3830491767183606,1.4919526303011366,1.648819827133532,-2.117510687597414,0.20962863665644968,-1.1768807379191024,1.2912393985489028,0.7902967602118296,-0.8091873285636597,0,1,1
0.39887200124233874,-0.4926872974878003,-1.2232886514920824,0.67458381081637,1.3714660479976601,0.0019141941942830546,-1.2659936712632134,-0.9985337531088799,1.7941968114562867,0,1,0
3.3123443573881417,0.18917491485480037,-1.0415782387928025,0.9303551746103815,0.1281350935795416,0.9928465371707336,-0.8834469814882202,-0.10415431103889938,-0.3053362097840954,0,0,0
0.11622908654611813,0.06735598270983813,0.12296367817819279,1.0458822896250166,1.311357983713591,0.994667467894737,0.8389202745256334,0.9054767290733894,0.23663321639116838,1,0,1
0.5247154242746739,-1.0345254274013933,-1.243207859795373,-0.3225412823286147,0.3803023809014243,-0.5863847748646325,-1.3319635921676647,-0.6064524052414025,0.06981444225401728,1,0,1
0.8003083289118775,-0.6032219530263073,0.7736033875076967,-1.4563684034176425,-0.7103899184434326,0.7720432920142123,-0.7135194831186972,-0.5187575531562495,-0.4237097167102873,1,1,0
0.21677922572358832,-0.23794823440893462,-0.8723591270585648,1.9480269496507938,-0.3912403887890922,0.9633895888382691,-0.49580309372320636,-0.42573093297597486,1.3481907873963992,1,1,0
0.262767675859942,-2.2822565054199138,-0.4033006945499184,0.05617339761288607,-1.5130778999573773,0.2959162804854474,0.6659704225657119,1.4201885877755425,-1.0408564976401504,1,1,0
-1.630138324979735,-0.34092838836928463,-0.3448440786739275,0.9063092666690608,-1.7026706371361124,-0.21384457529254583,1.485107782461336,0.12628563994255207,-0.5419039370264767,0,0,1
0.005283979081418478,0.24588000480480576,-0.5055128723259501,0.7657212809616907,0.7696688226349205,0.5777292694960912,0.8475116189394563,-1.1941587338605488,-0.22184550092244987,1,1,1
-0.23045464201660157,-0.47501137261760507,0.7208080199624383,-1.1285561547996577,2.254429648720923,0.29633583516564044,0.010218084481348347,1.2224827381915837,-1.9533219592080522,0,0,1
0.26790888475814406,0.3267353309337055,-0.7331965473349966,1.4126743006230529,0.3028890163439896,0.48458726149012643,0.3340419689758194,-0.5526004312624003,-0.14937341196095089,1,1,0
0.08368358003533823,0.488822934474842,1.2275632568954853,0.7067069266874827,1.105864778145019,1.0795431885541058,-0.9996699013802307,-1.2411694843147039,1.1058825961081922,1,1,1
0.7774871934756168,-1.4332753923641477,0.7044156856812297,1.6310576568346642,-0.2223980115265263,0.7126555629587341,-0.02572862199721472,0.8349585719357508,-1.5142984180946661,1,1,1
3.3919349735164483,-0.1782661049906327,-0.9686954781108486,0.42730531900204705,-0.22352238630586005,1.383369712827421,0.30861104797212524,-0.8504370493037678,-0.2700721601081051,0,1,1
0.5458212056400983,-1.052338691614129,1.058544355538055,-0.3830479552277414,0.780362161687711,0.04124129097393557,0.7758284481374186,-3.422535284494757,1.342313127597516,1,0,0
0.2022200692987711,-0.41115421454491347,1.6637434171418317,1.0881989379241008,-1.776734692816944,-0.4373864754086936,1.3201593957581723,0.12215696473736523,0.3952860789604049,0,1,0
-0.7515000475155255,-0.703378983445301,0.8954046058386872,-0.7532824237078521,1.608946998804528,-1.9830435883701563,0.8436583182032324,-0.6291532190028127,-0.18492552027492026,0,0,1
0.8221677253201969,-0.9969782780282774,-1.1795315473988852,-0.5451829857140824,-0.9444462993302076,0.3857609759302928,-0.8315485348834291,-0.20933015611794184,0.7853615940444447,1,1,0
1.7114434727310484,1.7034540292484934,1.1411544212541245,-0.6157859358875377,-0.7526988810763485,-0.39749150471200256,0.5320001479908053,-1.1761240803310076,-1.0654703925838402,1,1,0
-0.9863887029767454,1.2242616464618992,-1.98806084200307,-1.84538217448271,0.5867336153619255,-0.355044387371549,-0.5998192248881574,1.286585704197167,1.0083657975512283,1,1,0
-0.3221177315438163,1.0577522120146141,1.801766074571076,1.614240578274999,1.1519512421377944,0.8016109099481298,0.48328147153617124,-0.20675986648246347,-0.08984671968834788,1,1,1
0.8158345683166554,-2.2394867888777363,-0.7829963052548323,0.19087673698828417,0.2193193641488749,0.3074191866523064,0.8595092231137956,0.21949339737340037,-0.0156588961209025,1,1,0
1.5530581801349232,-0.5464304614790139,0.3088652349595618,1.4535910524971374,-0.4163569174149342,-1.4397580718049734,-1.764020583486545,-0.49320216375349507,0.053131601825171924,1,1,1
-1.3126463946172033,1.7745408579134907,-0.21890022224525282,0.15457287221826566,-0.04953319769126535,0.5132341020197234,0.1672607088815319,-0.45011178066464186,-1.8629928963413902,1,0,1
-0.8641137323778988,-1.1723196241227871,0.10745464966398563,0.9573454332528446,-1.870792347056696,-0.7004548582003963,-1.7290857516670939,-1.021353241796857,-0.8803405014936814,1,0,1
0.15068443454323097,2.235968976063149,0.6938508702435988,2.3468710989937156,-1.3560017638885,0.6501795220267013,1.6873660984683754,-1.6219443067881802,0.7221854371409464,1,1,0
0.14971791093767745,-1.262128345928996,-0.8132151374991847,1.3978404396691688,-0.879698256137145,0.5029142579901403,0.09199740599619727,-1.5733421770973826,-0.16408962681414707,1,1,1
0.8094188627633596,-0.25869297450326784,-0.8515351345101209,-1.5040208787330795,-0.9125360352421126,0.4046505614751959,-1.1053247679659373,0.7715982341422272,-1.0379226088635591,1,0,1
1.7161539924056375,0.43368863695707205,-0.7395321679717158,-0.37154044079729287,-0.2917254846310062,-0.7139525197599321,0.8617161954888612,1.0044328223340317,-0.36154588640041946,0,1,0
0.5487895710448468,-0.1623597356602695,0.8056899305489461,0.6664748983492228,0.41425099411113775,-0.4389275955922066,0.10625068687163161,1.5422111631000415,0.48624879165630924,1,1,1
0.8278132215106663,-0.051263163780296946,-0.40223648236045617,0.7171356669402603,-1.0873798552276235,0.748863818286544,0.7263575581837128,0.07263406366868409,0.16962642983105827,0,1,1
-1.4250007092352286,-0.30846616708977687,1.720177602254138,1.1805224604078293,1.2492852711640596,0.14241379390554199,-0.92657496639273,0.6270905465657082,-1.4730847044433628,0,1,1
-1.065135243952418,-0.20518578044370914,-1.331252994941665,-0.4244632160121832,-0.1856350235236806,-0.9367352297100859,0.9296608130007981,0.1432820467168039,0.09857432257556496,0,1,1
-1.1895435978702362,-0.5718504392030936,-0.6343550719282949,-0.7738043480896472,0.7654251570158314,-2.605830927362224,0.48763989803311153,-1.2051426178365223,0.35307735740938373,0,0,1
-1.8130328222965706,-0.8733939365700788,-0.0021252660964142258,0.21460431245168252,-0.6188793472780924,0.8846492334248026,1.0915721659262831,-0.3096112125495449,0.5207518139464031,0,1,1
-0.5177416372883928,-0.585946682548171,-0.006840996630732977,0.9517966778865529,1.7021173924305253,-0.40471914432255973,-0.3166426426919824,-0.652249730131798,0.8805140941371259,1,1,1
-1.6721886441557532,0.6453932356647291,0.5746285141479388,0.018585541454698477,-1.190992010066742,0.12730438657507953,0.3744223002880634,-0.9385847697192856,0.70189184824592,1,0,1
-0.4925414909108808,0.8454955013916051,-0.3191324445825314,-1.6725119298375377,0.43311487977525864,-0.7243739034176667,0.7500517026547766,0.6001230686122115,2.2226095976544014,1,0,1
-0.09143578275172805,0.7893540349406266,-0.06573002344056328,0.868943634163183,0.7633953747050836,2.0014287422941024,0.4582062757451833,0.8115150867241879,-1.396930649782573,0,0,1
0.26320038213582814,2.4454124880962325,0.5312593078406664,-0.7460856161240518,-0.26708158471663707,1.496824047724587,-0.43769319556296243,0.06203703428217561,-0.04478663686056644,0,1,1
-0.32066058220074656,-1.2241368234252734,0.3479969316523608,0.7018645415784167,-1.1076371345612523,-0.47504438355898304,-0.4595731140771432,0.8951625881109823,-1.354074076034552,0,1,0
-0.8415806480004983,-1.2004449237101853,2.319186241987317,-0.04991946521305019,0.03078739859868034,-0.8425065073198867,-0.03645825889649694,-0.9552242907857035,0.6760706174475485,1,1,0
0.9319808247848724,1.1130734588812587,-0.9431194305372301,0.05089746051819684,1.7307471424322598,-1.4263405156344384,0.6336539417064406,-0.11851781528522115,2.0427763735882905,1,1,0
-2.1460925874598606,-0.6048961056338832,0.4322975904238457,-0.1898643951465382,0.7236200587505156,0.5748789560544225,-0.22742103537518354,1.5813913809909563,0.4130498828901547,0,0,0
-0.09673231981485594,-0.6800563811799583,0.99892249305337,-0.9747025378287724,-1.8879139640934246,-2.00460561018458,0.0932905137280187,0.37187483441601993,-0.9983044356351319,0,1,1
-0.5206310520436395,1.9732887429606614,-0.31071935199216333,0.015091209024457602,-0.4816532232354687,-1.0594367771357756,-0.9037357025388267,0.4366241352216498,0.028785262860606453,1,1,1
-1.5073858459561815,0.3525890161738518,1.3928392307719701,0.5247121034683472,0.6429619865373436,0.7516658876907626,0.9565260654959146,-0.3007939691536327,0.35160506758688814,0,0,0
-0.5214239716283365,1.0883520127333646,-1.1456284953921985,-0.8586896651985206,0.7680207060862833,1.1115657162581176,-0.7940539164505434,0.2705711353297951,-1.1219941518429306,1,0,1
-0.4309837697239157,-0.6882430962528613,-0.015083809047868029,2.4065274555909997,0.2684253909303182,0.5048029580289405,2.1456015025190154,-1.597124135736456,-0.6496205793975394,1,0,1
0.5939004098571561,0.48777708035627093,-0.9565318798425234,0.22287602079293095,0.2791645197462503,-0.033295521414670744,0.014851753812713977,1.4744349035660838,-2.008120451565474,1,0,1
-1.1878477745350666,-1.1533965339655188,0.09215365016474143,0.11345614757014352,1.4310575261817056,1.3072790495418187,-0.800355791519615,0.4717517176659955,-0.7919836413736192,0,0,1
-0.4405078659064342,-0.07882859254311747,-0.0586727861793408,1.8710593614978142,1.2113780156143563,-0.3291254465239849,-1.5461542526265348,3.0793801114825277,-1.1152859565138076,0,0,0
-0.07803263682574559,1.094487834768497,-0.9676461208947438,0.1891350662679949,-0.9930451054652831,0.6399730876987175,1.6932884420470509,-0.5628068822688913,-0.6513515561213473,0,1,1
-0.26450142894153383,-1.2683437199706251,1.017222454998789,-0.14950558909642808,-0.7441941111952427,1.3902858851616275,-0.3077646859344667,2.0889429898174545,0.18817043162051744,0,0,1
1.027469036596169,1.3846760585211035,0.22706316134939195,0.4725639738962809,0.4340715393594986,-0.65196757027492,1.743043197039074,0.08456225517144647,1.6307078040166894,1,0,0
0.03137951638054087,-0.2031460956220696,0.6177784773286232,0.4706028485849715,-1.584969133669378,-0.09971489988351775,-1.661020278738643,-0.8838766921437013,0.23477691526217315,1,0,0
-1.352360996419192,1.331189143530636,-1.4827442275393223,0.4718102289782224,-0.40689172495224496,0.8613955044430189,-0.28434555069757655,0.5182208216741775,0.9885346609170832,0,0,0
-0.43146499213480094,-0.45877697068998013,1.3485361517153112,0.22819217480486995,-2.012294816235219,0.288834762992567,1.5467008672771316,0.323630999815422,0.3956938196505266,0,1,1
-0.15085189124147044,1.235889390711601,-1.070091321322112,0.28148449567695927,0.5657319941772615,-1.0462660027241124,-0.7935969948300571,-1.6409767456386628,-0.9008015509520281,0,1,1
0.608184090872226,-0.9991298873540391,0.16032400504286384,0.8809173150906002,1.0686017034469077,1.4178409466865258,2.2198216687973247,0.38376840453259536,1.7489450367048263,1,1,0
-1.3776992735835276,-1.737712230203936,0.5814871619551227,0.7892957505487255,1.447255419421046,-0.5265991565689102,0.05771965622071078,-0.05350866938813543,1.680835376313913,0,0,0
1.180392996760879,-1.092980682572203,-0.004555618724097226,1.4469416011000897,0.9679259790623439,-0.6131895331407075,-0.007753719618116543,0.282603519217939,1.0121582004371859,0,0,0
0.22359865586981828,-1.06422481351415,0.420419690211289,0.5520494696520675,-1.1070567128555433,1.2429239149010394,0.7696428453532432,0.49422326346763445,0.29994202915337076,0,1,0
-0.11317405154652575,1.233286021436965,0.7629272483646983,0.5879442928840943,-0.7134091120329175,-2.0915656893967105,1.1273773723132763,-1.0047837861964128,-0.5135328407308036,0,1,0
-2.159309861613991,0.45882945613373655,-1.161191523746518,0.6185573314680838,-0.16700802070044704,0.09977797761698794,-0.3245736954524617,-1.9976404386126656,-1.016521805259462,1,0,1
0.353992573722907,-0.10437095864755931,-0.865904976521381,-1.3518941743614896,0.06157088830493676,-1.4527411603857487,-0.3488972785346573,-0.9207876969629352,-0.7759521500772929,0,1,1
-0.12476491174589625,-1.12984731413278,-0.2982028199486281,0.08484048077794855,-0.2545812627535677,-0.4581924496468354,-1.1511395445534567,0.09223683660672048,-0.6397650849528456,1,1,1
-0.5059222259142688,0.30592932281916096,0.13577368391349706,-0.0993961230697617,0.6672240813798308,-0.5900621417796292,0.5875225432036243,1.208337850871873,0.770600818324445,0,1,0
0.47450381598560515,-0.33289788391441805,-0.7273644918278069,1.935725731761375,0.5007909910667102,-1.0336481391092616,-0.6442077333996777,-1.1827332138488897,-1.0320984764119479,1,1,1
-0.6052876053221521,-0.3721730908505191,-1.1825636512830646,0.7113786334016843,0.9373543576230486,0.03916506367955205,-0.9348303167235323,-0.19343406620634532,-0.6615430298463896,0,0,0
0.6519890019446629,1.2996964884350861,-1.3489824823989374,0.0342840656694329,-0.1558145524404942,-0.33205004895660317,-1.3629455207842311,0.03126819903055377,0.21522887529452217,1,1,0
-0.5847202685532039,0.27036537529726523,1.5982219732726346,0.2600850989873408,-0.8260672005360763,-0.25949523548006337,0.07603210040255814,1.5861846455841802,0.05090322513639858,1,1,1
-0.7546936196671227,-0.10305819761399121,-0.017024069788599383,1.3168734005314986,0.9250328541029647,1.5737531711559785,-0.07958235326751449,-0.7571944369589801,-1.6090114514758982,0,1,1
0.611540356013197,1.5293331170243674,-0.5311676451363258,0.07116709129765686,0.4698918325027778,-0.5379523779771768,0.6792594546514662,0.3022676902942689,-0.27762451949154593,0,1,1
0.5491340727928713,0.7938802431471383,0.24488087786843543,0.977299972648964,-1.2125792630736267,-0.6394807963569712,-0.09385662140733261,1.3871505053690796,1.7229744127381899,0,1,0
-0.6011752874120042,-0.8254807161909855,0.07898250163618142,-0.28823675957287487,0.06590415209503493,-0.08037406018780567,-0.03616202379837482,-0.11623642684893647,-1.322775316677678,1,1,0
0.3776018959287133,-0.5175346470890049,0.8594210862656629,-0.8339640377266098,-0.6938857414028926,-1.6388377576733246,0.99974296312844,-1.1229429119833119,-0.8730661398335609,1,1,0
0.6681588261632717,-0.47638393945495533,0.10129395453326606,0.13016344521563278,0.6836714831766553,0.36605689364230876,-0.2275258933581078,-1.560596144591068,-0.05097757722714053,1,1,1
0.8086697220049585,0.8670280912796449,1.1471688377418698,-0.4934656018851907,0.9304104144423091,-0.10754897027949387,0.26024271209535227,0.15477367810827253,0.5551022157346023,1,1,1
-0.22159417495573291,-1.8655978321634208,0.16574889455335146,2.342792156826934,1.6547851783402256,1.3712856201518686,1.0848380077173567,2.253468242136008,-0.42639961510142077,1,0,1
0.8693864444084969,0.8340259820042413,-0.3466347743185838,-0.34781923431550477,0.6695281656451972,1.5627728165189907,-0.5787327168746083,1.1180577113585182,1.4374224520041832,1,0,1
-0.5201485633707577,-1.7365904454170105,0.879001552597348,-1.0997013619954958,-0.1666787386436684,-0.47211979768300044,0.44669548680951604,-0.9746322213111421,-0.1080752310433083,1,0,0
0.9983725916650682,-0.6619892672892623,0.5991366721203698,-0.800063055338577,0.8327061399089999,-0.7577075976140109,-0.6803023513812058,-1.1307294556325218,0.13150956663064567,1,0,1
-1.4933436445604893,-0.9188203250259773,-1.293839590766062,0.8078449929617271,0.17269874239198194,-0.4919329586576517,1.8235123655235075,-1.0474031054579547,-0.5625596640934089,1,1,0
-1.5085738885116389,-1.8374457839458367,1.4811169717744332,-1.3169524885401758,-0.935945017231983,0.3132895790267621,-0.4601691337624532,0.7773914528011152,0.622800965252432,1,0,0
-0.6219066522490589,-1.5898261141704066,0.1527116660830983,0.0007246597005712484,-0.6310621817152108,0.24191071385611354,-0.7017644458782429,-1.4879850208214644,-1.3840960639657793,1,1,0
0.5107171215341044,1.101974834938915,-0.26033111267562675,1.1886842264030741,-0.8904569128195121,2.248340509239397,0.8440821389826956,0.3189430323430043,-0.6713782187881505,0,0,0
1.5612668125499822,0.3439945042042569,-0.31143833633581924,-0.317814591786778,-0.7492251683870125,-0.1455740930111593,-0.6357531955263358,-0.9204532071323007,-1.1296776200501357,0,0,0
0.6919225911936326,-0.11474547181464284,1.0798168697356672,-0.1661601746336277,2.1502294439597573,0.5072772547340341,-1.3016633325096074,0.5882105144029706,1.6274499846021324,1,0,1
-1.0035762708356915,0.08022879000530989,0.11624019951612251,-0.8393718436922097,-0.27482639041616236,-0.48491747782894135,1.8179781203738903,0.6363966855036464,0.42490456052153946,1,0,0
-1.096553936452208,0.8137399568122813,-0.5693578562852366,1.0255911493859953,0.5274935776131158,1.3723637752755435,-0.3104811694713362,-0.45543189214734275,-0.7148731542704713,1,0,1
-0.32541493093848634,1.2789056773550604,0.14756576275243108,-0.9318729990762173,0.3934305700234244,0.8503724758008933,-0.8196756061094697,0.4628347739278787,-1.1976615748992119,0,0,0
-0.10538813042044759,-2.349226381228651,-0.13273694883463616,1.8230543030710098,-0.9714061200151706,1.3337797165898062,-0.33225409456531413,-0.18470049019306226,1.4010872076706877,1,1,0
-3.27075171981608,-1.4420759329268116,0.16471850273978506,-0.4321940978027724,-0.7056547039532579,-1.887536650779689,2.011281779890174,1.1026808289109238,-2.239692702271644,0,1,0
0.2393243484475548,0.39863124195907246,-0.6874357726644019,1.7327063330210006,0.32707765619718615,1.165898671701487,1.1338653250753497,-1.0960204604664103,-2.365779336733981,0,0,0
-1.6819862919421873,0.2575003363384491,0.6592382745943094,-0.8837801332944671,0.9074831155909711,-1.2139791620253786,0.5266185796179818,-0.5040023519105739,0.1883131935425338,0,1,1
1.1445865500889971,-0.4502473998404243,-0.3185143492002894,0.8526923153086313,0.052552354085844626,-0.2337931803912663,-0.18967543710352014,1.4941846572413646,1.9353993408147139,1,1,0
1.6275198705739007,-0.8143729990545148,-1.18313225424463,-0.8859971223417368,-0.26883354415249394,-0.3611658911999681,-0.11010384084943942,-0.6411012623624416,0.4031727633589004,1,0,1
-1.7978799554735871,-0.0800925893421914,0.9518278509543242,-0.1405333252398606,0.6372709044019581,2.1753933427120797,-1.6691688376974034,0.5250174904064842,-0.669087416143129,1,0,1
-0.16966251564808088,0.5382139197239184,0.4983456713618949,1.0263422709259273,0.22665583924014238,0.8513758485864923,-0.828374918997436,0.48532952717063227,-0.06684057090855233,0,0,1
0.17011713321647212,-0.14262854390404095,1.1015984353378645,0.05306552421592351,-1.2506562995049055,2.041842977796918,-0.03621308214436512,0.45300631250301476,-1.0768159575496739,0,1,1
-1.1438790456433132,3.031667682098111,-0.25393523197958573,0.28540928604340604,0.6941203859364944,0.06183060223837294,0.26151474366682304,0.8519241767506042,-0.42821212453245133,1,0,0
1.3065125916652562,0.012366361875207744,1.2959678510533863,-0.5894264581350742,0.7151056102322836,0.5079884251676777,0.055083372070662336,0.5311869029539424,-0.16623286133143153,1,0,1
1.3033180833109603,-0.6230520911160541,0.1019543279203466,0.09438994235017482,0.6327355161657251,0.571557618733984,0.3927055003352346,-0.013025273399847293,0.6312352437617171,1,0,1
-0.8148710118664273,-0.2853667278766321,-1.2288538165131948,-1.1726262740378954,0.40902648724998397,-2.4169018047025794,0.7902445080895166,0.11396085731983914,-0.2250807712088839,1,0,0
-1.127594166358558,-0.0491305167356572,-0.03400709947423964,-1.295189341860681,0.8987159497251895,-0.8844394523198352,0.6896174019024899,1.4178729405721024,-0.7474631142694995,1,0,1
-0.7073301966124348,1.3979616804428767,-1.1841958476634338,-0.739826056972902,1.165787158224038,0.30549112297410197,0.43566945222231696,0.8744881208780008,-0.12747771348361273,1,0,0
-0.21551257345202576,-0.24034746024552656,0.7637394851615996,0.9997401545354373,-1.07255549348301,1.8275402504177705,0.9256384097530949,-0.12783051024059597,2.216737343861461,0,1,1
0.546742918419839,-0.06434760680297383,0.8664741182501584,-0.48385288254726183,0.3681576753976097,-0.10573661595707735,0.30238049360147506,-0.8355959866901889,0.36542007440711916,0,1,1
-0.2296400363183516,1.4231112288514187,-0.8416068326339429,0.15964722354606703,-1.2720027489815984,0.3067606532745568,-0.5313408043370008,-1.859136675217741,-1.3056658034167783,1,0,1
0.7301429354410632,0.8767934648614902,-0.6518814804950165,0.5595540051029984,0.3606981614580435,1.7837191195978876,-0.7859273310624221,-0.9940276059405344,-0.21793229222198549,1,0,0
0.10420840168250553,-1.9080590070215113,-1.107961317632182,0.8899972754665519,-1.9493485832459672,1.5143695214084365,0.10478142194984627,1.505221826104931,1.3016125426472631,1,1,1
0.03536006653371931,0.22088276091410203,0.4939019544697137,1.9727337830093177,0.50396770447314,-0.45418753325384237,1.0270742846201226,-0.016717325061784978,-0.45595161185002164,0,1,1
0.965679528492515,0.13585261580687336,0.2424243693387052,0.5744065859613048,2.7930267848439736,1.6064056935233417,-0.763923753907458,0.14633324344359316,-0.3877324702943797,0,1,1
-0.637428006448721,-0.026970886827472673,0.15428625061559587,-0.19277091429072915,0.6552952997243938,-0.3039273082121689,-0.5257602418646242,0.5736508685151808,-0.7612148672914343,0,1,0
-1.9663110085665312,0.11043052296127155,-1.683945877731388,-0.03533093727215498,2.3150208186572216,-0.8248549244175175,-0.3769584161944124,0.2884486170986892,0.8088611853327805,0,0,1
-2.1421238491703845,0.4599996236620642,2.153690988783282,0.7987699943697648,0.433885694347154,1.2580355895898698,-0.9796078788330718,-2.0064566816461964,0.8446166617936733,1,1,1
1.995855034186758,-1.626342840686474,-0.4891949344689121,0.12488656745592464,0.5401894328959961,0.5650780159291409,-0.08095922793953762,0.7161359037292592,1.3677045042862004,1,1,1
1.1573626135630084,-0.5232133049329426,-0.3291728542023094,0.783481514280137,1.029591656467873,-2.1475734958859376,0.3661110773828789,1.0553057700854809,1.9104507946229943,1,0,1
-0.2717805849332844,-1.1067746630119788,-0.6443091093905642,-0.6416079994469183,-0.7814127520411173,-0.33307218625968704,-0.3387111387034586,-0.4611826168695395,0.5279488652821288,0,1,1
0.42405800363835083,-0.16687959918877515,0.4586309374509794,0.15777514212241378,-0.6918187669417689,1.7325274598933624,-1.3597024649773128,-0.35442833058402634,0.9005019821728344,1,0,0
-1.051917845496652,0.6456759136267736,-1.1375701439585755,-1.9587773710220537,-0.3450660206308975,-0.029837689066359554,-1.101433366924189,2.382317683265829,-1.268615367239746,1,0,0
-1.3907214911576835,-0.5947321293162978,0.4227540949173491,0.5486013950693275,-0.5875701411142784,0.9138178747652776,0.6843470261255316,2.3391388087029483,-0.1092232760542716,1,1,1
1.6031077852962465,0.7936821822136431,0.28062588249924586,-0.15367637456543887,1.237663182962954,2.6894644503051715,2.175242672176133,-1.2885914559252167,-0.7839665555885286,1,1,1
0.5110378656783962,-0.7578705947271936,-0.15215808674085146,1.6466588345030209,-1.8792482639786692,-1.3523119226612552,-0.3076065346816604,1.6560405873933661,1.884373719462321,1,0,0
-0.6108760513203595,-0.769011904059083,0.3216739934620861,-0.35583079521058025,-0.6480881908944995,-0.95677211360795,1.1053529722857405,0.6326933135928693,-0.5120972494351695,1,0,1
0.08266434340073416,-1.1066907494714378,0.09694020950660731,0.6823162661455273,0.28271435405555945,-0.8215839748622569,0.4801430570407093,1.3268114691105062,-0.41043602599560397,0,1,1
1.1259062313053385,-1.5429655064069965,1.8157495006942042,-0.07593155553897248,-1.5016224640008844,0.2521629031684497,0.0744008748412904,0.12557630917095947,-0.29080744973213274,0,1,1
-0.821132401930307,0.10757902000984534,-0.6900349619875894,0.8402374185335535,0.30250559379898256,1.6290578921110488,0.34476863807134683,0.435326528864776,1.529697661985487,1,1,0
0.004900453946469911,-1.410255672014578,-0.500769384538713,-0.6469137458808558,1.431167572347685,-0.11167633621176877,0.8504998967962534,-1.657031006668278,0.7882697924203557,0,1,0
-0.37439029668055807,0.5094046832748518,-0.7638942783549332,-0.7873716394252415,1.3450834144396417,-2.602552991775902,0.31417605765470397,-0.616893134992696,-1.119009515394912,0,1,0
0.8540498514871097,-0.5454709229336627,-0.07097105745493489,0.4483887047027544,0.21686048670251487,0.72569824747592,-0.8717025953059717,-0.6345739431311063,-0.23729767541226265,0,1,1
0.643858171552726,0.17504418678740435,0.7428578202189788,-1.0745106554861903,1.6739079334611398,-1.6274832390671266,0.2551760933955323,-0.5533866433483147,0.025454845299808605,1,1,0
-1.1320887536514885,1.0164491872952817,-1.4185473254758603,-0.21795368465173603,-0.4502207675464349,0.36391238933859266,1.4309227937215994,-1.4928431480510238,-0.10885878105639003,1,0,1
0.8192219047080013,-0.07234874487052494,-0.6021188342535871,0.9424471906350429,2.461963679539824,0.8259986941314874,1.7042336163249092,-1.2949752827118897,1.2635459974661,1,0,0
-1.2550589809993162,2.039782768000267,-0.8989381406334364,0.7415995382614405,0.2849071304401549,1.6149580327548703,-0.6852682044536966,1.245847828717643,-0.5278524261557687,0,0,0
0.028427017061659864,-0.0819556678607913,-0.12188214054652045,-0.1233902705123196,-0.04355724778991589,-0.31778786248217367,0.3118906672836773,0.7370400292996468,0.304386868206824,0,1,0
1.705363092083975,-0.3689992747571997,-0.3018892675731425,-0.4798656595271581,0.4478342193062167,1.811916408973162,-0.11433004158805518,-0.6564863511693448,-2.111671162369757,1,0,0
1.0689924695599615,-0.5382582338669568,0.015948981408226336,-0.3394601376334202,-0.5738227611344964,1.1975243445571713,-0.6498486225638098,0.8506881323626881,0.6789266500816611,0,1,0
-0.412499182674811,-2.4292816203735734,0.32495848417242634,-1.2763669447355157,-0.4131801635752491,-0.7966231782734957,1.8678924441910034,-0.5885370963321948,0.3607594773762073,1,1,0
-0.1427552916335552,1.2347529735433642,-0.274537635430892,0.7100835852531833,-0.9101231030280182,0.3590821261673392,-1.1569331934207352,0.4895494750421717,2.3732827976092326,1,1,1
-1.0190268596173893,1.2555440949221426,-1.3569456460326295,-0.9787145249480662,-0.1722769184870899,-1.3377994572015874,1.009808489456455,-0.02138063608149003,-0.5718449688702415,0,1,0
-1.5511467777693901,0.7349882274900794,0.20318515226967276,-0.059478593534862276,0.015941132426752314,0.04163265299958142,-1.5363819384547939,0.42244149148791127,0.10662073044743708,0,1,1
0.5624394892623585,-1.3905771760389254,0.3960595620446563,-1.8444231699884968,0.10200712743805106,0.34961309583500927,0.383917214997005,0.043517180457206595,-0.8829992824688314,0,0,1
-0.2160131762942518,-1.9981523884479682,-1.5094781806678397,0.9749406383199729,-0.8785285478917191,0.7667924613704533,0.23596603180809178,2.229963689059155,-0.9662899510161373,0,1,1
-0.9550773978539167,-1.149765560652428,-0.6926953485672342,0.8851344923017441,-1.2313946858933487,1.5077439345579353,0.7785817839396044,-1.7307559380863915,-0.7258502680693882,0,0,0
-0.04258604346139046,0.6962290791160098,-0.9844170547346356,1.7023004799717432,0.009638910304579713,1.386766465742683,1.744523447757622,0.7488682052557497,1.084584116207867,0,1,1
-0.05518501975283083,-0.9837938203527249,1.3912477548374353,1.8597927426622873,0.18020377112988475,-0.5962219385063691,0.5039766282253777,1.3320225168776558,0.09531120686018188,0,0,0
-1.5058457827777203,-0.49552908668917045,-1.3973367085877537,-0.2981722144293549,0.5059701858409659,0.950971929823227,0.8107458283406419,-0.2698040477244889,-0.3594715111282786,0,0,0
1.082260192257803,0.9317539213065481,0.016033926790532685,-0.7955612631874917,-2.3732489313552634,-0.26143766384422645,-0.9033193120645112,-1.6670704266002545,0.16457102327487363,0,0,0
-1.178439023801589,-0.7465544022492075,-0.6601516486988879,-0.9975273381795771,0.6740848536920196,-0.252653217724681,0.4972146003831493,-0.8526316707049918,0.38895163740162014,0,0,1
0.528981671751373,1.0871711473412156,-0.1951718980426334,0.15022720886912275,1.014586090928927,1.600228573257107,-0.9799459496937319,1.85002610338797,0.7304447958651207,1,1,1
-0.7005304260804799,0.24231229424395845,-0.07426589312251163,-0.1730394879547934,0.722332015191852,-0.13564155596186858,0.09480589442344192,-0.41998302562940576,1.6810561807933662,0,0,1
-0.9178887722491571,0.45002011769772055,-0.10592480713941237,-0.4392957882768636,0.23509434879191368,-0.631278999033992,-0.2661922105761367,-0.8578768345472506,-0.7037972271859325,1,1,0
0.059165067621852176,-0.5095996140949455,-2.217039147179364,-0.8407271619521882,0.7887860517638022,-0.9356403520185367,-0.8539763430427443,0.639579952340685,-1.2054374505803562,1,0,0
0.3169202302493988,-1.7274397527170218,0.82697518264181,0.1923838245333606,0.4547551275833889,0.8203728971461755,-1.6262986287271495,-0.9701097344744462,1.095931100799815,0,0,1
-0.4923437559804602,0.9112125278138776,-0.06555427293563215,-0.17255781232026712,0.22345582520579688,-1.290221258967283,0.34000720902672255,-0.13815307230570206,-2.012119025233408,1,0,1
1.6071391325684745,1.1144429432373668,-0.62891744973494,-0.25189366934324486,1.110758652108406,1.0264464047780548,-0.03491427216624472,1.4763965275077733,-0.31276258082411756,1,0,0
1.5649067095713587,0.08786081317677023,1.2371164023649353,0.7131465495259331,0.3124643368422829,0.8002099178868677,0.8324059382144351,-0.915342847347785,0.330437927543194,1,1,0
-0.8613969094028981,-0.2570338618327842,1.0482579703863713,1.1609261051575201,1.7645945795212588,0.15441059227537673,1.4838881992927018,0.1891326539882341,-1.270063705836212,1,1,0
0.13751964688988536,0.15114222469667402,-0.21752498588528704,-0.6707074585381982,1.7628003929751146,0.037177614968347206,-0.0812609548937214,1.5115532590381968,-1.1665246507271925,0,1,0
-1.1584942490360564,0.03843803287098975,-0.79854499657732,-0.7706727108037715,-0.5564324984182447,-1.8546903859115416,1.2815860621848447,-0.6392626646976328,1.6923245684081314,1,1,0
0.1555279971697329,0.7689625889053772,0.02911429385817681,1.6046156821706972,1.2034448726358962,-0.34185990445898473,2.6607151308116204,-0.9705204177494975,-1.859676544805565,1,0,0
1.0913040530465,-0.06291262602751091,-0.9742635104654938,-1.304266873651408,-1.0699712068431277,-0.7556586454129973,-2.0167502280218943,-0.6387738708006578,0.02620314564797596,0,1,1
0.37316214970873274,-0.17815700745504778,0.01891358859450734,1.9344831259492612,-0.4111568663269729,-1.2134608258948318,-0.39247717014669903,-0.22472812560752184,0.35048856884266205,0,0,1
-1.3727013342606735,-1.1061629648866336,-0.20737481948342362,-0.07039306533457709,-1.1926796577190533,-0.1795104471705272,-0.03761306082278877,1.201786012837292,-1.4336530095295394,1,0,0
0.010193635341607577,-1.7943531528350958,1.5394384580231686,-0.37961403623072826,-0.6546842719042483,-0.6869329817015002,0.5150492542219952,0.16872281436695166,-0.3633080390869504,1,1,1
1.5540177927553647,-0.23058627826700343,-1.4307613836312427,-0.39272951071546547,0.9830572898921411,0.5032281029490548,0.2556688865288315,0.1999977264608563,-0.9848414774513362,0,0,0
-0.14763703272579656,0.5458349327442898,0.3925783459814663,1.0709561256909967,-0.9351898222896424,0.266599168991391,0.48881120364946246,-0.4878354698511509,0.8557185585553007,1,1,0
-0.5564872764724439,1.314128842350727,-1.3049631822272971,-0.09316715527043459,0.2921464915024114,0.41908015979458724,0.7610435114365557,0.5489787955921891,-0.008089236507023003,0,1,1
-0.8275184351680445,-1.3523762626973885,-0.15530703480716426,2.1249832847158734,-3.154479073780804,0.3784971135953647,0.19747073891994293,0.36195099298280137,1.1316922973800045,0,0,0
0.28209112543030823,-0.27980590803466737,-2.2176418168473844,-0.000115892079141251,0.6407769747487488,-0.12225464872663036,0.24490389150867148,2.1428612633142743,0.2960405055461192,1,1,0
1.131918984124135,-1.0509964732161434,-1.2486375462122086,0.7089972024758773,1.3622627830401082,0.8792014460260351,1.895947400675842,1.312046159008535,-0.07743888865909916,1,0,0
-2.2771492639668396,1.1449407717025197,-0.360888712251678,-1.722514611493731,-2.019276001555227,0.03955681818955254,0.2718401240846818,0.716098335545697,-0.49396118569469166,0,0,0
0.2310952303079051,0.8855477093627216,2.277798655616688,-0.1628780172858429,0.3257234343494815,-1.1786138769986485,-0.625496963681868,-0.7106058868053781,-0.20037982503371962,0,1,1
-1.1748774427797866,-0.8983784346053976,-0.22240243281962468,-1.7145428760707822,0.49437286456841245,0.08490889518403846,0.2440660900332492,0.8836082003102832,-0.5754993663290933,1,0,1
0.7474914323982436,0.7535237830869655,0.6673714305025648,0.9550816249368664,0.336842259493484,-2.025019000392458,0.3656757066167392,-1.2214125101542126,-0.153840007796956,0,1,1
-0.3441618934637701,-1.0487748596482918,0.047904153574821695,-0.2527674614882186,0.5649313314538061,-1.1218858527832791,1.0057693277872548,-1.0701855965105807,-0.663359860001922,0,1,1
1.0265431577844213,1.4284968926455914,-2.1050448818065566,0.6105592599934617,0.3226393089735941,0.9327130932342368,1.6854114197998753,-1.907924153375917,1.7183416181416868,0,0,1
0.8533298755094557,-0.902750814677208,-0.6933024808172416,-0.9237754389199003,1.7443688412755427,-1.061898034822096,0.023231215440637984,0.8902686686373302,0.2711110552538352,0,1,0
-0.31711229619404746,0.6266153269819505,1.1466796563236132,-0.4406876589203736,-0.042095313075882136,-1.1320220712730653,0.285412662690338,-0.02074619730623332,-1.4948567411754772,1,1,1
-1.2158048467446079,0.991391581566032,-0.7156393926246419,1.2600670881542229,1.123176786001922,0.5742208518616204,1.852396460286426,-0.5416684946634518,-0.7859699559588996,0,1,1
-1.0135315413810264,0.015371238670974402,-1.636145444686473,0.11630721176956574,0.33029213309570904,0.6257161840713061,1.1732435624990496,1.0567269988183667,1.364234098955667,0,0,1
-0.5156877658357675,0.32528665099481885,-0.13798078708466918,-0.42994395029098603,-2.1423046196341193,0.5539092241559458,-0.019441094953402092,-0.3432303719817361,-0.5667873902380793,0,0,0
2.4230362278573323,0.23502338677307927,1.0429370907492415,1.5054369747755079,0.2270186353831202,0.463693506740075,-0.9269943409432231,-1.0510127832729275,2.1662901641122385,1,1,1
-0.4366469892147723,-0.5158677549052657,0.6343822213957755,0.5976012108304846,1.0672058930185173,-0.1808937920499769,0.905514296228194,1.5226011115497562,0.6078556484625508,0,1,1
1.1439383140743329,-0.3630248439799578,0.649113537806475,1.380053497178321,0.2606077889758449,0.4087567026400534,1.6482318975477257,0.4952003010570283,0.598429562563609,0,1,0
-0.7994187894355714,-1.5477136156521971,0.061168821946236455,-0.5877544668119691,-1.4007492240132606,1.5983936674480494,0.5127713270098609,-1.2899713016997711,-0.055277666779399534,1,1,1
-1.2481688454864843,-0.7100218586762072,0.2704221056692175,-0.611611871898057,0.21414939102392183,0.31361360779419983,1.3553777310802724,1.0649962493677207,0.1699002289096,0,1,1
-0.7237950348257515,-0.7625878999055823,0.5612888086561761,0.4888187244217262,1.2601741614418438,-0.470345055613365,0.19654183164953698,-1.0313227752798328,-0.09266824106361513,0,1,0
0.7300433193523654,-0.8509939734173195,-1.2879104704214037,0.6563916229209246,0.9017447691605087,-0.116761097661571,0.9840812119340329,0.7437486601035606,-1.2418119048464105,0,0,1
0.6414536594188,2.7906099416347763,1.3339371810195622,-0.3567588520567111,-1.5989083839238831,0.18704361075030204,1.0217886411056245,-0.3305098338614492,-0.3461194938768159,0,1,0
0.37122615887556437,-0.23681118973881088,0.3546224846429952,-0.8159088751135928,-0.24781022646859283,1.3454410020364642,1.5753610122863508,0.028300142219688823,0.47887013478232854,1,1,1
0.5271440229508106,-0.5338597911724283,0.2624979209347952,-0.23713654290337297,0.6837531591511844,0.17150994861927155,1.3125554714577166,-1.2307086178423983,0.17006201172536897,1,1,0
0.5397990670323344,-1.7102355743907742,1.0953530400908116,-1.2236444847631271,1.010256198277706,1.329237816550091,1.4661219721790328,0.9469974410273327,-0.5137199980785205,1,0,1
0.05738083824459139,-0.6897354513957608,1.160537730552224,1.3055807450004904,0.1119243187713299,-2.7207589941206343,2.061319667375843,0.32073871233014,-0.025574024797853385,0,1,1
-0.2185338797278487,1.2217184386542068,-0.6844563039037064,-0.30336251198778935,0.12824170142225924,0.2748821964765642,-0.17053939702863788,-0.6097088603172648,-0.8878122459904633,0,0,1
0.8144086193781671,1.3707321198838773,-1.1079921647584632,0.7599713729772034,0.707558924490049,-1.1515752396453263,0.17693773271845487,0.9794309858962176,1.1122780378083523,0,0,1
-1.0825497269048572,-1.9762087849230416,0.39470042301033476,-0.8554312820355695,-0.09742198783322835,0.07629649123438186,-0.33535455473783304,-0.12606748793897782,-0.9016309406595878,0,1,1
-0.21461363924012747,1.1245978903344414,0.07224191375156222,0.3168899923525909,1.3737923965289718,0.35775618491444455,0.3528352737043749,1.0857414856329721,0.32343272870251305,1,0,1
-2.013440212785695,-1.6647944740742882,0.7918466398988773,-0.2367794807548425,1.509269387892724,1.9146305460748898,-0.05678632475020689,-0.07515533101116384,-0.9213775846711724,1,1,1
-0.44848947619684804,0.6465878080865054,0.8768154504706562,0.6333901382301352,0.14848833567575345,0.7436081196040669,-0.08548149263130438,-0.20840019032146825,-0.32270781042345476,0,1,1
-0.4828700481567579,1.0169917548436187,-0.27397405414525017,-0.2328232384265698,0.15429905382820858,0.27801914517211535,-1.7669818209114887,-0.058683273560861636,-0.6054178643751831,1,1,0
2.279969440021829,0.8824911329094421,0.5818150070255125,1.0430426642301165,-1.3653720507743243,0.3074665231043694,1.177466627440391,-0.07265565235945726,-0.42219254867963646,1,1,1
1.2864075527606516,-1.223889544737567,0.6344341851902405,-0.3050982157699915,-1.5406334836439302,0.6391278059385922,0.7423414819740588,-0.772208794441425,-0.4932321815595682,0,0,0
-0.7056615022321309,-2.6588248787273066,0.8690089370756388,0.15938571206926225,-0.4778080134238445,1.6167295926654883,0.49645293825549514,0.01152890557929845,-0.24089416619831847,0,1,1
-1.533807928991999,-0.1955363386864271,-0.9937328511266917,0.8005697999761124,1.3236526139143538,1.054051854621632,0.8368920765732952,-0.25211771248484205,0.9191213146961206,1,0,0
0.5426387185972003,0.8711857815462193,-0.9070758175796447,0.13422723621801844,0.6671605945390686,-0.6157356579852534,-0.6360837081786397,0.8060748895854838,-1.2236308759598171,1,0,1
-0.909801556974728,-1.1561335846362986,-0.8617865842713901,-0.3009042842166918,1.702568357481943,2.664170098573626,0.3831328370975635,0.3670919260454859,-0.3056452079684563,1,0,0
1.5249419732092415,-1.9831328404261623,1.308352495963866,-0.8062130301128583,-0.14059261186585117,0.29009857561621893,0.13195741757489354,1.8229883784022236,-0.09631870772893654,0,1,0
1.4293722974141665,0.39839935897591694,-1.06696132289169,0.46972368978699003,0.8308294013098632,0.1718679539382102,-0.33433256494735003,1.0846195722083052,0.17478608673467597,0,1,0
-1.2717033632527948,-0.09685254315075259,2.009867816162884,-0.3056479013460617,0.3318260210396604,-0.5959092882544013,-1.0853566969164445,0.47069450125837947,0.49661092031181475,1,0,1
0.6135065885551487,-0.9328137738535874,-0.38188996780018547,0.4721673232011349,2.12346391267402,-0.402428467429939,-0.650422987427579,1.2505042327818912,2.508016940094847,1,1,1
0.010589662389204498,-0.5558334475969173,-1.0646237782565953,-0.43658585312698595,-0.41449636548836716,0.7178515334177713,0.22285806440564576,0.7165264780363109,-0.28434862999736615,0,1,0
-0.8373239918423643,0.5468185954494256,0.8197929289413317,-0.9598710393914425,1.5114577598022993,0.10732387744229638,1.3663764496064401,0.32213826321480177,0.97623689193616,0,0,0
-1.0130604793335194,-1.0092752160009648,0.11489791328680887,-0.9725841079066051,-0.29192317500588344,0.7055646352766571,2.7182857278812103,0.7249718120103582,0.4027602118593112,0,0,1
0.36792857837254556,-0.8631842783454055,-0.7674813474482546,0.18096167091220391,0.14476088536373052,0.9898592889866511,0.4133294681477211,-0.545528361767439,-1.0413758103485702,1,1,1
0.1772651740142162,-1.2842675284436513,-0.5118603747066811,-0.5212771816921837,-0.02367832697827903,0.4486660673752971,1.0526769234890212,1.8334561391299675,2.533760927092022,0,1,1
0.3009186836622778,1.4984728421287594,1.3896004379948423,-1.0896992813044926,1.9488122087115787,-0.03450597884461422,0.9809631228966619,-0.8062218641481608,-0.14845725666427864,1,1,1
1.1079935652766884,-0.4890959375738107,0.10285687716567044,-2.127155682024528,-0.5446146720819318,-0.17103211794764167,-1.1812326496430943,-0.7958142978911185,-0.22491770473185999,0,0,1
0.1325475217966529,0.4888314452257568,0.9359975671551999,0.045513862492804286,1.124918094465523,0.8258634456109099,-1.194954540864646,1.257243164157588,-0.47649860293797586,0,1,1
0.9592750172086774,1.751351690875792,0.7537921291702621,0.2435435070928983,1.3467977072095527,-1.7756002796993209,0.945190253481766,0.23568704012931987,0.22645330086749813,0,1,1
-0.9080506520231044,-1.9370970516782189,-0.3099277691718961,-0.7745514866773191,-0.08510300656847955,-0.18174571304446668,0.3693732357273543,-0.13770785609656758,1.3185705349582721,1,1,1
-0.860032378397507,0.9430997983506676,0.7266931246586209,0.6775204858135102,0.6267979403129864,0.4538498447495265,0.1511424642638829,0.44999813070548933,-0.026548926222459576,0,1,1
1.642599138534124,0.448562386863424,1.1141032987519495,-0.22838372538974044,0.541054143319048,-0.9103685955371308,-0.9245133731390984,-0.5444765611937045,-2.064963991253351,1,0,0
0.410663983766656,-0.5647379198022958,0.03856746759990551,0.8002100891518992,1.5364476011761181,0.824949392983661,0.14226546215846606,-1.7592265108567209,0.27195363499339653,0,1,1
-0.8924194773954176,0.22531039486305754,1.93292656207956,1.2518907311620664,-0.7007323992882126,-1.0765882243374731,0.07900235904406842,-0.3931524050827154,1.6126215882575943,1,1,1
-0.6758140582054332,0.7567030835197792,-0.6273940535044519,0.574254413742317,0.7842692344907725,-0.2603075849653065,0.13318394132708622,-0.689328249226375,0.4043475185481506,1,0,0
-1.1187167391724087,-0.11593980755182405,0.8145164284131353,0.09946671485692991,0.004725884985962757,-0.05586514934279282,-1.2234917641084588,-0.69548741218396,-1.154957521550426,1,1,0
0.22083113667099694,0.5150174275667249,0.39474212290706195,-1.9633697181046756,0.720447872485169,1.8288897397186084,-1.0113217143066382,-0.007889183776152995,0.09966563411709821,0,0,1
-0.1865703999042859,-0.23882606427755437,1.8670631157708475,-0.26522540829498453,-1.5660147496800199,0.2860722143385658,0.15118630255645987,-0.09624992847091682,0.1937462422994737,0,0,1
0.4005049285686059,-0.9514413454026137,0.001310317219878072,1.0070321921859748,-1.9550859420869502,0.625669751164463,0.5130942905549111,-0.45762018737844173,-2.0899312778209618,1,1,0
1.2227860078619692,0.5004925473830023,-1.5716111165084177,-0.39331558906752134,2.0442842881585133,0.6031356630401122,1.1121441332589383,0.07229268640713947,-1.9354771453381743,0,1,0
-0.698033819805051,-1.47193778413824,-0.031810256939342633,1.8018563988546303,-0.05651672883980811,-1.017917525965409,-1.401377356887091,-1.824169661210934,1.281766021712979,0,1,0
0.40136461422548814,-1.1435928521457976,0.8980510656826979,0.23793946503604718,0.8751609033849048,-0.3279991001093029,0.824663817325778,0.302044575060954,0.1465529225590531,1,0,1
1.4933313298347373,1.9229649289706991,-0.5599282114119273,0.7603704539541377,0.753115975560141,0.5535607847010063,-1.3368301624876695,-1.090326547300277,-0.03873645408493567,1,0,0
0.41624683371774857,0.6974151351620296,0.20680396686868832,-0.5306762630923197,0.3199786803506437,1.2737149086231538,-1.034864830099877,0.3333070235385769,0.5321151149534307,1,0,1
0.4566618739586322,0.40176247542423726,0.9660402454332573,-0.11823258107211232,-1.122035892891797,-0.2094596700177187,-0.44070666536140707,-0.6160596152082733,-0.8110970552479004,1,0,1
0.09073753332621623,-0.1657821537937962,1.0655462410416332,0.6927186325013674,0.280913114974953,-0.36319666690156327,-0.7798483031587548,-0.2934449236241903,-0.16473907663065168,0,1,1
-2.076658160582426,-0.17068366735930934,-1.1259991884220322,1.037132920199796,-0.40874405516640755,-1.603378694597467,-0.8697508916028712,1.257998955992884,-0.4008472614952728,1,0,0
0.10000135273379536,-0.04813867750073534,2.178201152017025,-2.676896514412533,-0.32944489553612094,1.157791511843828,-1.6307925269074197,-0.9453620121738605,1.2590854150403288,1,1,1
-0.09906440605909318,0.4127685837931841,-0.026912576260008734,0.44234995885348244,1.2104165165019796,0.7674884827560361,0.42301083537982576,-1.2234648054361374,-1.0883436188944628,0,0,0
0.5381505884826364,-0.48504699635203896,1.7475656864348934,0.0316789012540058,-0.70053683506439,0.5742210696787488,-2.058842782067705,0.1283708605941608,1.564563225285929,1,1,1
-1.421116030563183,-1.3137547760214419,0.23977388741322,1.3163761884981362,0.14687138137274877,0.11081125020337257,0.9569214449324469,-0.9513392061417913,-2.07367965890798,1,1,0
0.7950729780729993,-0.43652610193328306,1.0732419408456189,0.8945998990034407,1.9371522391186464,-0.8807996303893072,0.8158197708531466,-0.7097900788393929,-0.2878716781622758,0,1,1
-0.010169126665732784,0.40645355643652153,-0.1608417069894971,-1.67910593817444,0.23286908782192922,-0.6044067773167712,1.0961236555030491,-1.0153327014346427,1.8612091098835173,1,1,0
-0.4237837238429356,0.3963060848037784,2.4277460658488907,0.9696177854273519,0.2545512921183849,0.2770746673907829,1.0402641772340793,-0.632110636385428,0.03546064812170841,1,0,1
0.46288211151631053,0.18118268001751994,-0.08855349717715616,0.30923351227902107,-0.07281429052016594,0.22552694814701169,-1.1755524221731908,0.11381427340822028,1.0696801290377425,1,1,0
-1.7413761130400567,-0.424350968337224,-1.1200147261595577,0.43354764986944433,1.1759175653670475,0.7094667196200529,0.6597254761065121,-1.5875982053147495,-1.5743676413601826,0,0,1
-1.270142220383528,0.516088051816181,0.2322568715689899,1.7754170655272237,-0.17391065106951564,1.4900290192404457,0.32509871813739066,0.5066966971683021,0.9940123119677952,1,1,1
-0.07847572833529817,1.4185865784191611,-1.629997163983737,1.1383850393171768,0.5082316193504873,0.615103960875947,-1.3855454264968063,-0.41107032862110165,-0.39897547613262785,0,0,1
-0.09434086408439983,0.5978625796598056,1.722692118586481,-1.7216704721390208,0.2551259683250037,-0.8348562746315303,0.07370669287178608,-0.3461957229634292,0.5092913742206437,0,1,1
-1.0895538791128399,-0.1616158576853805,-0.10062170773522049,0.12444220711800504,2.402142589141049,-0.7125552880467163,-2.8245480440026487,-0.4235000953803889,0.6209381979540567,0,0,0
0.6225113927617708,-0.026611103909328866,-0.86605945096363,-0.005941872432960808,0.9783389687819347,0.9559723963036002,-0.41826163063128696,-0.1761760333555871,-1.054144836160816,1,1,0
-2.0365435072864884,-0.827261953704366,-0.17264070854644004,0.8850120499381714,0.20003511979731253,0.5145353692308173,-0.12231557973355556,-1.029581870317558,0.3149516850209637,0,1,0
0.0721378965608584,-1.1381766158763849,1.6862640872346042,-0.029836858452876303,-0.4843443980293047,-0.5806097004548237,0.47477073444183837,-1.4490889759129462,0.572057493376807,1,1,0
1.2209212594323802,0.9305423324693675,-0.3490237649633374,-0.07101735170630134,0.8884804032780267,0.5277740647553714,0.38006308372698694,-0.10096029753795185,-0.3253495640855105,0,0,0
-0.388688441558994,-0.6419626429299937,-0.7107009616311422,1.2876433304116606,2.2983691070509455,-1.078211518616851,1.0200458489007571,-1.160399145333493,2.8747567950559194,0,0,1
-0.5336047220576137,-1.504820474054995,-0.29935684236318594,-1.0207641548518278,0.9898352505075919,-0.7062730295756072,0.4787558037176996,-0.33748785782751717,0.6319447113201577,1,0,0
0.4969901266476122,-1.021079496190592,-0.6036773877053201,1.1234496478506104,-1.7478972572972487,-0.07970524825784318,-0.9342008991156696,0.15961456451842396,-0.26042275631468226,1,1,1
-1.3029940788448022,-0.17921574834824908,-0.9738845824697534,0.36666035128927243,1.1953331018919315,-0.10743315005838926,0.9571245559900948,1.6133560901151196,0.25532786745475766,0,0,0
-0.11414532269995539,-0.738032245076211,0.3817657726553325,0.38431558981117486,0.6839839517611398,0.614603432005111,-1.6667409260255361,-1.7902712085235641,-0.9411251726816919,0,1,1
-0.3620609630882418,-0.9897421678199156,-1.064611590040596,0.05616775746759352,-1.9006228199036213,-1.2283918650046985,0.8908358824163098,1.7216717439768219,0.40063592417757304,1,1,0
1.250298705552303,0.9443739394691497,-0.3861379494860894,1.0633184647752567,-1.5961171586543856,-0.6648307817911945,2.179796349860105,-0.6358307509526095,-0.7993329692120876,1,1,1
-2.1541642062123842,0.7488055649697504,0.46783856935487494,-0.32348032577892377,-0.5307414812951696,1.3006367103278804,-0.9329745651563044,0.9755253114509632,0.5653983235490334,1,1,0
-1.1360953542174383,0.697177319210106,-1.240662554919504,-1.1319036976978862,-1.220444756982834,0.42194644912277046,-1.5958063879536013,0.4345867665925557,0.12564498068768343,0,1,0
0.03645995694886821,0.24980553228361302,-0.03414608023082195,-2.4973782275458873,-0.2896207405600388,0.9906077133501991,-0.2967274023527443,1.0032201204671691,-1.6435252151082749,0,1,1
-0.06303510158331342,-1.519966424917449,-0.803887746987465,0.8310975303528633,0.7381736247756092,1.3418335862234518,-0.34070507439374087,1.756752303144998,0.5761515433355372,0,1,0
-2.100775766421566,-0.4728284634708711,0.3481783576320054,0.07742480223800237,-0.5854927916401648,-0.5548412214636755,0.18980337202596229,2.7868120511221393,1.721257655828948,1,0,1
0.04168516599282972,-1.867692653047449,-0.33471592197003336,0.4250680584304446,-0.21787119499748062,0.8241617686094442,-0.6408232269816277,0.3991683083993528,-0.02713621121740436,0,0,0
0.2922806380554525,0.70082147607378,0.05534076348778348,-0.8579752948653787,-0.2034154275416802,2.819826485066047,1.107432780490889,-1.3653366174726467,-1.0857758968491131,1,1,0
-1.1189970799878017,0.5755737401939259,-0.4509351618200925,0.24797577607747248,-0.7795239492329841,-0.2101150657900386,-1.1745800822610242,0.904077813667787,0.6944067961281333,0,1,0
0.27944711892997404,0.7496744534080598,-0.7840426669240798,-0.8669884979470245,-0.8190972230862985,-0.24929377783242684,-0.04666520185783155,1.196023796285785,0.35692209260744345,0,1,0
-0.27371330406381106,-0.2935918845512451,0.3593662026948246,-0.8615661009984199,1.8507585816989256,-0.18015652578298808,-1.9222169645515481,0.048685454712660704,0.6918225878662877,0,0,1
0.1979997774481242,-0.915450107083191,-0.5804032940259681,0.2225722956917508,-1.8719082923535624,-0.4959112704046045,-1.0202923774304349,-1.0623128037757397,0.9953367202671236,1,1,1
-1.3494439403406842,1.0604266906664055,0.9876280313868193,-0.8548767013575773,0.2972373046835198,-0.5688864719175762,-0.696282698578156,0.9732914899276018,-0.7549355242869908,0,0,1
0.0714082140807298,-0.8376884633076663,-0.6392465347807467,-0.23748493521108346,-1.1886872288432357,-0.2693836367610988,-0.32944850192466113,-0.24213732087443382,-0.7733260153559888,0,0,1
0.7982768003451478,-0.7918644304552562,-0.182518953745782,1.6694075411214246,-0.3814317312360157,-0.13097194034839646,1.1017796109143225,1.249341848294212,-2.173878462293023,0,1,0
-0.287661074239359,0.4635009363603602,-0.6067915599734603,-0.637508801035012,0.059935495493606175,0.35577103100541535,0.9371698753774843,-0.4634035507445667,-1.3206411618895404,0,0,1
0.8284289224769728,0.45246261883539385,-1.0271656287347235,-0.28138528735753215,0.7773619695647404,0.1669980564665837,-1.1018266513961763,0.1463613478529828,-0.1576247054285966,0,1,0
-1.30241858320409,1.38413716356376,1.2476490323429423,0.2222292199144515,1.0173123153316008,-0.7678317382645616,0.9899320637309789,-0.27660061202992997,-1.4841728541997845,1,0,1
0.29632479339541784,-2.558924391084449,1.247927572651956,1.115777760009737,-0.947328668491118,0.08244829955828897,-0.02914015573303249,-0.2515378192523548,0.10450590969070503,0,0,0
1.998367114451711,1.9040436182758487,-0.2626324964180905,-0.5939396856856579,-0.6723299382169916,-0.7371162920299159,0.3647884545988232,0.011211307134859343,-0.8862818261482825,1,1,0
0.08781789637622395,-0.28723544223543457,-0.14212306164293537,-1.5282730357394996,1.4069784762264987,-1.0512512699311432,0.7312529114442138,-1.95845510296991,0.40758412644454545,0,1,1
-0.002010083647532099,-0.2654916571990511,-0.4144132615004877,1.378611521304253,-0.7304870870199228,-0.1244014616825731,-0.23214804989050872,0.5040028129896282,-1.3363927994899802,1,0,0
-0.8166715243916195,-0.5551875652621583,1.5287658693273851,0.46938087810632634,1.17780495170283,0.15804137631027973,0.4259793509497632,0.5232386321570487,-1.5491683436174706,0,0,1
-0.29713245381671777,-0.31294039752362557,0.8156267677797272,1.3813832418484704,-0.0842107752072994,0.30456772269079174,-0.21457428199575623,-0.37228152303344897,-0.5185938065428213,1,0,1
-1.9238211667362186,-1.8270481348686713,0.7054803487544105,0.9120815607754232,0.2227122585966734,1.515577620942689,0.040991107810215456,0.18879071283694454,-0.3658984152860452,1,0,1
-0.9458195164498485,0.4179442663626934,3.0107790320751264,0.2723398033715865,-0.9917869979961049,-1.0356024947749067,-1.755286099262503,-0.43422038064327106,0.32024358792270013,0,1,0
-0.3741748115916015,-0.3109635095044839,-0.4122656118446614,-0.025903662016323065,-1.5077439017298675,-0.4503078450928705,-0.1349505801610743,-0.569727178153864,-1.1671812863061124,0,1,0
-2.144707589276854,0.7596443873918197,0.2664926104088648,0.33608337291680956,0.5725141641881606,-2.12303597458965,0.9016568839767212,1.212977681668962,0.24511702193735005,1,0,0
0.5807892791137254,1.083149296878271,-0.3557661596407977,0.6494582027609775,-0.24513954736312285,1.3711118248818503,0.33205399198420515,-2.1926657539478733,-0.6165940901198594,1,1,1
