t,ax,ay,az,gx,gy,gz,roll,pitch,yaw
14.912851000000956,0.1241223886609077,0.0965281724929809,-0.5114768743515015,-0.2073792368173599,-2.585327625274658,-0.2975523769855499,-0.381538158654266,-0.1106115875422165,-0.0501649328359139
14.922907000000125,0.1467784792184829,0.0488609671592712,-0.530485987663269,-0.2586605548858642,-2.711104393005371,-0.3352494239807129,-0.4085364736344095,-0.1115318441964685,-0.0539951190936799
14.93296299999929,0.1952193677425384,0.1339424848556518,-0.4843636751174927,-0.1347918063402176,-2.8777809143066406,-0.3322061896324157,-0.4370268912192374,-0.1120211686423197,-0.0579331147601064
14.943018999998458,0.2639688849449157,0.2626292705535888,-0.4546000957489013,0.2155299931764602,-3.15982723236084,-0.2972244918346405,-0.4675955299715276,-0.1103343667298108,-0.0605999698819935
14.9530750000049,0.3287518918514251,0.1987522840499878,-0.5023833513259888,0.5042145848274231,-3.3836190700531006,-0.3248955905437469,-0.5006857207069687,-0.1055343463967491,-0.0616064033737789
14.963131000004068,0.3367995917797088,0.1404677033424377,-0.4309569597244262,0.5099020004272461,-3.4929401874542236,-0.3500081300735473,-0.5353215451927786,-0.0992572125492893,-0.0619717313385853
14.973186000002896,0.3395967781543731,0.1185852885246276,-0.3139612674713135,0.4113219082355499,-3.5121753215789795,-0.313589870929718,-0.5706327899067966,-0.0935098265584452,-0.0623590711006247
14.983242000002065,0.3625240921974182,0.0848176479339599,-0.2134679555892944,0.2348459362983703,-3.48423171043396,-0.304544985294342,-0.6058903993508415,-0.0890300857072591,-0.0630946094365574
14.993298000001232,0.3777149617671966,0.0685297846794128,-0.1329659223556518,0.0824747756123542,-3.3751044273376465,-0.2997263073921203,-0.6405502514294078,-0.0859885380626396,-0.0646661951233101
15.0033540000004,0.3877198100090027,0.0686827898025512,-0.0255459547042846,0.0432975441217422,-3.2562875747680664,-0.2960303723812103,-0.6740953734545955,-0.0837681121619058,-0.0667420503884441
15.013409999999569,0.3882139325141907,0.0970571041107177,0.0265017766505479,0.1740985214710235,-3.123185396194458,-0.3084184825420379,-0.7063513090749169,-0.080951679292063,-0.0684036726591543
15.023465999998734,0.3761106729507446,0.1198373436927795,0.0427436828613281,0.3685020804405212,-2.94091534614563,-0.2961913645267486,-0.7368858840463904,-0.0769763323821714,-0.0689228941090333
15.033521999997902,0.3566082715988159,0.0697404146194458,0.0807404518127441,0.5753746628761292,-2.750771760940552,-0.2831234931945801,-0.7653714165244966,-0.0715205229561609,-0.067730265038998
15.043577000004008,0.3256174623966217,0.0159311890602111,0.2388626337051391,0.698151707649231,-2.6283950805664062,-0.2915140390396118,-0.7921574609410698,-0.0648594974313315,-0.0651857236532225
15.053633000003174,0.289558470249176,-0.0130541324615478,0.4354199171066284,0.6487864255905151,-2.5787882804870605,-0.2995223999023437,-0.8181037362800467,-0.0580061866997982,-0.062396608793378
15.06368900000234,0.2834624648094177,-0.0882179737091064,0.3857040405273437,0.5963940620422363,-2.517763376235962,-0.263344407081604,-0.8436050813970544,-0.0515559903794735,-0.0595753422169509
15.073745000001509,0.2917172610759735,-0.1618539690971374,0.3387434482574463,0.3539008200168609,-2.442775249481201,-0.2077229470014572,-0.8683942863103442,-0.0466079638349419,-0.0574626877738477
15.083801041670084,0.2740162014961242,-0.207984983921051,0.3133376836776733,0.0625991970300674,-2.34543514251709,-0.1515566110610962,-0.8924386311461355,-0.0438327297825243,-0.0570188462953925
15.093857041669253,0.2447970956563949,-0.2831190824508667,0.3190814256668091,-0.140142947435379,-2.2623131275177,-0.0940577238798141,-0.915646928731114,-0.0431392197673664,-0.0581393122797872
15.10391304166842,0.2077552378177642,-0.2872073650360107,0.3312315940856933,-0.2883984744548797,-2.2149832248687744,-0.0510516688227653,-0.9382092710534582,-0.0438766998173738,-0.0602275240445113
15.113968041667247,0.1753178238868713,-0.2676127552986145,0.3162314891815185,-0.2774070203304291,-2.195617437362671,-0.0160813014954328,-0.960441740182058,-0.0453641529926404,-0.0627775957615819
15.124024041666416,0.1412018835544586,-0.2606860995292663,0.3458458185195923,-0.2441422641277313,-2.2184433937072754,0.0054716621525585,-0.9827108844230154,-0.0467604942917142,-0.0649743732803694
15.134080041665584,0.0993419587612152,-0.2238466739654541,0.345084547996521,-0.2310307770967483,-2.2954416275024414,0.0378966331481933,-1.0054925127825616,-0.048144630151912,-0.0668578061441698
15.144136041664751,0.0841415673494339,-0.1655096411705017,0.2445107698440551,-0.2995320856571197,-2.3509531021118164,0.0857789441943168,-1.0289095067173288,-0.049995108229514,-0.0686935193915048
15.154192041671196,0.0736897885799408,-0.1417543888092041,0.1407926082611084,-0.4514909386634826,-2.4038703441619873,0.1322394013404846,-1.0529540985842496,-0.0529575599896341,-0.0714426224396915
15.164248041670362,0.0545558482408523,-0.144693911075592,0.0209965631365776,-0.5532287359237671,-2.394766330718994,0.150904431939125,-1.077348195061546,-0.0566675537731969,-0.0751683999894062
15.17430404166953,0.0212058424949646,-0.0968798398971557,-0.0203466415405273,-0.5973201394081116,-2.349534034729004,0.1599060744047165,-1.101459072050458,-0.0607489767431825,-0.0796315979530528
15.184360041668697,0.0066073238849639,-0.0387357473373413,-0.0545883253216743,-0.6426223516464233,-2.316387176513672,0.1612491160631179,-1.1252189482115214,-0.064962350198538,-0.0845213918746997
15.194415041667526,0.0159786492586135,-0.0305909514427185,0.0013494417071342,-0.6472703218460083,-2.3541409969329834,0.1428416818380355,-1.1490146181738576,-0.069049024256547,-0.0897574713762904
15.204471041666691,0.0327919125556945,-0.0250618457794189,0.0860843658447265,-0.534614622592926,-2.4084599018096924,0.099999152123928,-1.173250107502829,-0.0725632085691673,-0.0947340358274028
15.21452704166586,0.0287709534168243,0.0564858317375183,0.11336600035429,-0.4618762731552124,-2.39734148979187,0.1100376471877098,-1.1979043757167478,-0.0753937548494883,-0.0990534110499846
15.224583041665028,0.0391496568918228,0.1845791935920715,0.0048758834600448,-0.2327339053153991,-2.252915143966675,0.1138989627361297,-1.221491554902608,-0.0777573444203224,-0.1018909319093809
15.234639041671471,0.0458049550652504,0.1990481615066528,-0.0034950971603393,-0.0613714754581451,-2.1282079219818115,0.0771044120192527,-1.243567377896449,-0.0791593739745958,-0.1028874927003587
15.24469504167064,0.0584546700119972,0.211537480354309,0.0077266842126846,-0.0169331729412078,-2.0489442348480225,0.0233003012835979,-1.2645220367261285,-0.079705316200416,-0.1029032316668169
15.254751041669806,0.0540043041110038,0.1887475252151489,0.004552237689495,-0.0598440207540988,-1.941489815711975,-0.0036869223695248,-1.2846180009930028,-0.079875946766868,-0.1031494037489542
15.264806041668637,0.0547417476773262,0.1943548917770385,0.009343147277832,-0.1949821263551712,-1.796527624130249,-0.0011385434772819,-1.3035224122580709,-0.0802311367734128,-0.1043611982541605
15.274862041667802,0.0491210669279098,0.1423725485801696,0.0710502862930297,-0.1792890131473541,-1.7048083543777466,-0.0927893668413162,-1.321221047942644,-0.0803472010804409,-0.1063793350359182
15.28491804166697,0.0603546798229217,0.1190018653869628,0.1574295759201049,-0.057602260261774,-1.691271185874939,-0.1774067878723144,-1.338379019940303,-0.0792566756097416,-0.1078727733223036
15.294974041666135,0.0630618333816528,0.1792751550674438,0.2029911279678344,0.026585454121232,-1.7093040943145752,-0.2522253394126892,-1.3555399296415676,-0.0771650132471933,-0.1085827130987285
15.305030041665304,0.1009771898388862,0.2167008519172668,0.1128915548324585,0.1721564978361129,-1.6925907135009766,-0.2760505080223083,-1.3726026877257451,-0.0743458501600886,-0.1080986954891806
15.315086041671748,0.1193677559494972,0.1580097079277038,0.1061376482248306,0.1884162575006485,-1.694169998168945,-0.3189700841903686,-1.3895321381477568,-0.0710734360594925,-0.1066546028327306
15.325142041670915,0.0968175753951072,0.0919018983840942,0.1043591797351837,0.108029805123806,-1.657593846321106,-0.3131830096244812,-1.406320305853368,-0.0676215544132167,-0.1056509425942365
15.335198041670084,0.0763648673892021,0.0756710171699523,0.0854770094156265,0.044675774872303,-1.6086357831954956,-0.3614405691623688,-1.422648229366549,-0.0643465810173262,-0.1054981464680558
15.345253041668911,0.0585998594760894,0.041680634021759,0.0468721389770507,-0.0245594903826713,-1.5746784210205078,-0.3663266599178314,-1.4386735581418744,-0.0607620224973428,-0.105830952088822
15.35530904166808,0.0550413653254509,0.0407394766807556,0.0631434917449951,-0.0480710715055465,-1.4967272281646729,-0.3816090822219848,-1.4541483210121309,-0.0570449185786028,-0.1067203209627898
15.365365041667246,0.0494883432984352,-0.0121354460716247,0.1139507591724395,0.0511391349136829,-1.4849225282669067,-0.3946151435375213,-1.4691430834204016,-0.0531520346015978,-0.1071206538145184
15.375421041666414,0.0341023951768875,-0.0486675500869751,0.1912562996149063,0.1340487152338028,-1.4915385246276855,-0.4197332561016083,-1.484079811587165,-0.048987283993761,-0.1065924233288668
15.38547704166558,0.0234404727816581,-0.0374448895454406,0.2132516801357269,0.1583465933799743,-1.497348666191101,-0.416543573141098,-1.4990825169463162,-0.0446301757871666,-0.1054421164068002
15.395533041664748,0.0619842335581779,-0.0329669713973999,0.1860340535640716,0.2095597088336944,-1.5039305686950684,-0.3989178538322449,-1.514085717126548,-0.040452508603925,-0.1038592542859381
15.405589041671192,0.0871309340000152,-0.0615161061286926,0.1497535556554794,0.2383066713809967,-1.495142102241516,-0.3914194405078888,-1.5291037050695775,-0.0363668876711868,-0.1017255246870775
15.41564404167002,0.0934874787926673,-0.0351102948188781,0.1477752923965454,0.0415221937000751,-1.490869641304016,-0.4021790623664856,-1.544014781620194,-0.0323038676008366,-0.1002954389501409
15.425700041669188,0.1261044144630432,-0.0679677128791809,0.1951286792755127,-0.1985125094652176,-1.5073812007904053,-0.3540632128715515,-1.5591502353423534,-0.0285279887514181,-0.1012229019199884
15.435756041668355,0.1325731724500656,-0.0948246121406555,0.178986057639122,-0.2413471937179565,-1.501456618309021,-0.3093544542789459,-1.5744019145599688,-0.0251374774649737,-0.1035086473694296
15.445812041667525,0.085030660033226,-0.0300618410110473,0.141304612159729,-0.1732328534126281,-1.4523186683654783,-0.3691895604133606,-1.589261598073227,-0.0216557265049466,-0.1054242279679054
15.45586804166669,0.0757914036512374,-0.0200458168983459,0.1586290746927261,-0.2204983681440353,-1.483537673950195,-0.3824093341827392,-1.6040414436402592,-0.0178295059236629,-0.1072404680055185
15.465924041665858,0.0827282220125198,-0.0770407319068908,0.1773098856210708,-0.2614431381225586,-1.5152820348739624,-0.3150822222232818,-1.6192229873935926,-0.0142239005912684,-0.1097030951656518
15.475980041665023,0.0431283712387084,-0.0762762427330017,0.1309983730316162,-0.1481848061084747,-1.53765606880188,-0.367604911327362,-1.6346242178984274,-0.010603210338364,-0.1114455789331224
15.48603504167113,0.010583072900772,-0.0277332663536071,0.0642974525690078,-0.1444081813097,-1.5390361547470093,-0.3083743453025818,-1.6501734675804869,-0.007119279650155,-0.1126272402289829
15.496091041670295,-0.0060326159000396,-0.0691413879394531,0.0402015447616577,-0.139957770705223,-1.5444207191467283,-0.2439873069524765,-1.665747570539071,-0.0042749347794076,-0.1139401674477251
15.506147041669465,-0.030793160200119,-0.0900105237960815,-0.0260404497385025,-0.1169102415442466,-1.5904260873794556,-0.2373389899730682,-1.681483815241669,-0.0017072156570163,-0.1149680604843269
15.516203041668632,-0.0483724325895309,-0.0740132331848144,-0.0941052585840225,-0.0901409834623336,-1.6704981327056885,-0.2280663102865219,-1.6978761306809562,0.0007000818522456,-0.1156164378884508
15.5262590416678,-0.0601258128881454,-0.0503923296928405,-0.1480617374181747,-0.1152862831950187,-1.754814624786377,-0.1906281262636184,-1.71510657552945,0.0029567995280935,-0.1163396035287751
15.536315041666969,-0.049265831708908,-0.0446372032165527,-0.145926371216774,-0.1622227281332016,-1.8686319589614868,-0.1599867045879364,-1.733351632133573,0.004895161655628,-0.1174642894046754
15.546371041666134,-0.0221327692270278,-0.0477656126022338,-0.1611025333404541,-0.1437728852033615,-1.9541103839874268,-0.1091520190238952,-1.7525716992691789,0.0064799725342884,-0.1188003027846914
15.556427041665302,0.0053615421056747,-0.0230602025985717,-0.1744719594717025,-0.0560068041086196,-1.9637051820755005,-0.0672613382339477,-1.77224147452602,0.0075532169712978,-0.1195720650623996
15.566482041671406,0.034177154302597,-0.0273343920707702,-0.0726992785930633,-0.0265477169305086,-1.9547308683395384,-0.0161393042653799,-1.7919252726862598,0.0080645982604207,-0.1198189233593953
15.576538041670574,0.0764616057276725,-0.0675128102302551,-0.0077357292175292,-0.0836568102240562,-1.9300585985183716,0.0465873554348945,-1.8114674258060304,0.0080460125558208,-0.1204067973214844
15.58659404166974,0.0985394045710563,-0.0478561520576477,-0.051563948392868,0.0053561544045805,-1.8942006826400757,0.0573654323816299,-1.8307314159486745,0.0075951276405645,-0.120980349005989
15.596650041668909,0.0815273448824882,-0.0472447872161865,-0.0433951318264007,0.0166998449712991,-1.8393783569335935,0.0705166831612587,-1.849520790712529,0.0069763509234851,-0.121030529630843
15.606706041668076,0.1021014526486396,-0.0517053008079528,-0.0190190225839614,0.0195558182895183,-1.8003982305526731,0.0708333328366279,-1.867819947548575,0.0062269596277515,-0.1210748078395327
15.616762041667243,0.1297435164451599,-0.0379890203475952,-0.0376170575618743,0.0309110935777425,-1.6854207515716553,0.0689778551459312,-1.8854709722267788,0.0054901514705769,-0.1211259162604918
15.62681804166641,0.1357189714908599,-0.0226259231567382,-0.0431382656097412,0.0758194476366043,-1.4980354309082031,0.0722229182720184,-1.9014902677587104,0.0046297720543473,-0.1208062380259566
15.63687304166524,0.1391096413135528,-0.0019774436950683,0.0351026058197021,0.1087340265512466,-1.3518037796020508,0.0929459631443023,-1.9158481017843167,0.0035652487982028,-0.1202362570328295
15.646929041671685,0.1475073993206024,-0.0028470754623413,0.0250146239995956,0.0549743957817554,-1.2004883289337158,0.1439404338598251,-1.9286704059802064,0.0021896417614879,-0.1197482256091836
15.65698504167085,0.124990165233612,-0.0516024827957153,0.0660848915576934,0.0673813074827194,-1.0600557327270508,0.1785351336002349,-1.9399654149937984,0.0003987249996163,-0.1198216638596715
15.667041041670018,0.06918216496706,-0.0959113836288452,0.1944516897201538,0.1304761171340942,-1.0146362781524658,0.1527003347873687,-1.9503494130630856,-0.0015006844182182,-0.1195335785630627
15.677097041669183,0.0284710600972175,-0.0621618032455444,0.1970826387405395,0.2292433977127075,-0.9707208871841432,0.1717934161424636,-1.960343226069066,-0.0036862660527739,-0.1184822389471934
15.687153041668353,0.0347728058695793,-0.0448195934295654,0.0895930826663971,0.3220047652721405,-0.950245201587677,0.1949032694101333,-1.9700104771987852,-0.0064714109764363,-0.1166477017154837
15.69720904166752,0.0112406760454177,-0.0577136278152465,-0.0057155191898345,0.3118718862533569,-0.9289617538452148,0.2077372521162033,-1.9794322754204912,-0.0095726043079709,-0.1144814403666797
15.707264041666347,-0.0371590703725814,-0.1207847595214843,0.0204137414693832,0.1967761814594268,-0.8729735612869263,0.2292625159025192,-1.9884910747237703,-0.0126385731582857,-0.11296050921046
15.717320041665516,-0.0688223764300346,-0.1591676473617553,0.0974570363759994,0.0258093662559986,-0.7761350274085999,0.275757759809494,-1.996800654571988,-0.0153922924830802,-0.1130121449554266
15.727376041664684,-0.0462237149477005,-0.1708685159683227,0.1210411489009857,-0.0016222597332671,-0.7137762904167175,0.2822793126106262,-2.0042331786089584,-0.0179874555637769,-0.1141502952016972
15.737432041671129,-0.0357352346181869,-0.1536124348640442,0.2075812816619873,0.1039972454309463,-0.7679073214530945,0.2856238484382629,-2.011656964448092,-0.0207744087540098,-0.1149744394646058
15.747488041670294,-0.0135857872664928,-0.0101998448371887,0.2422544956207275,0.2085723876953125,-0.8708707094192505,0.3213408291339874,-2.0199066104264243,-0.0242261024089844,-0.1147846955214883
15.757544041669462,0.0628056973218917,-0.0595965981483459,0.2443184703588485,0.1723827421665191,-0.916810929775238,0.3450958430767059,-2.0289518631068852,-0.0281112357193076,-0.1144763214276056
15.76760004166863,0.087967611849308,-0.1032558679580688,0.3161936104297638,0.0589706897735595,-0.8974868059158325,0.4058939218521118,-2.0381357275331404,-0.0319819641534122,-0.1151639584420359
15.777655041667458,0.1161379963159561,-0.1188699603080749,0.2723478376865387,0.0066173393279314,-0.8309758305549622,0.4447094202041626,-2.046904829099374,-0.0359558266829948,-0.1168225601541126
15.787711041666626,0.0977341830730438,-0.0971988439559936,0.2247568219900131,-0.0615246966481208,-0.7647272944450378,0.4411152303218841,-2.0550199262518865,-0.0397597983218511,-0.1191738451274943
15.797767041665791,0.0377257019281387,-0.0810499787330627,0.1981335878372192,-0.1297788023948669,-0.7331820130348206,0.4169634282588959,-2.062548376786105,-0.0431789347776271,-0.1220103888755075
15.80782304166496,-0.0152133796364068,-0.0918720960617065,0.18780317902565,-0.1005487516522407,-0.720231294631958,0.3722838461399078,-2.0700098725668163,-0.0461384882471251,-0.1249370445591728
15.817879041671404,-0.0507129803299903,-0.0112295150756835,0.1243107616901397,-0.0465317219495773,-0.5785890817642212,0.3631476759910583,-2.076778626239363,-0.0489110278948054,-0.1273865741483013
15.827935041670573,-0.0209278129041194,0.0347379446029663,0.1703195869922638,0.0338091887533664,-0.448295533657074,0.3643895089626312,-2.0819854409455063,-0.0521011245266356,-0.129233348273258
15.837991041669738,0.0098266899585723,0.0205587744712829,0.2670431137084961,0.098252534866333,-0.344218909740448,0.3477279245853424,-2.0860451337383723,-0.0555540013476119,-0.130447386740643
15.848046041668567,-0.0007478629704564,0.0999592542648315,0.213768720626831,0.1846518665552139,-0.2946630716323852,0.3598183989524841,-2.089236355330047,-0.0592869083203794,-0.1310903482883085
15.858102041667737,8.396338671445847e-06,0.1386778950691223,0.1265760660171508,0.1991740018129348,-0.2837893664836883,0.3354515433311462,-2.0921580296039752,-0.0633752721664417,-0.1310111431618172
15.868158041666902,-0.0357676148414611,0.0850931406021118,0.0999657213687896,0.0873982086777687,-0.2131604999303817,0.322614848613739,-2.0947120709803095,-0.0669680989157135,-0.1313805264715087
15.87821404166607,-0.0438432432711124,0.1152576804161071,0.0480280816555023,-0.0390812158584594,-0.1544387191534042,0.2854372560977936,-2.0966295802201307,-0.069667176447732,-0.1328229057343662
15.888270041665235,-0.0481694377958774,0.1628686189651489,-0.0626845061779022,-0.0548340827226638,-0.101782701909542,0.2002536505460739,-2.0980389877040313,-0.0715829956112999,-0.1344950595404108
15.89832604167168,-0.1058930307626724,0.188090443611145,-0.0304917097091674,-0.014285234734416,-0.0549651309847831,0.1211039051413536,-2.098898231861387,-0.072784036786291,-0.1355943393179813
15.908382041670848,-0.1064742356538772,0.1825750470161438,0.0459367930889129,0.0229300428181886,-0.0111944805830717,0.0485391579568386,-2.0992812758474035,-0.0735640261342868,-0.1360074345038697
15.918438041670017,-0.0877046734094619,0.1419609785079956,0.1377336978912353,0.0978860855102539,0.0680685192346572,-0.0259338784962892,-2.098963779487632,-0.0739413970248906,-0.1355903723891772
15.928493041668844,-0.055926077067852,0.2154307961463928,0.1506914943456649,0.2513757646083832,0.1260109096765518,-0.043292362242937,-2.097869738813332,-0.0745637446851127,-0.1339103005296225
15.938549041668011,-0.0033906158059835,0.2516428232192993,0.1215659230947494,0.3458884060382843,0.2000445276498794,-0.0943678766489029,-2.0959995603839676,-0.0755415394538633,-0.1308581973689952
15.94860504166718,-0.0103811929002404,0.2261385917663574,0.1129621118307113,0.2875396013259887,0.2336195260286331,-0.1456065624952316,-2.0935286942285662,-0.076097746784389,-0.1274870679715633
15.958661041666346,-0.0055576246231794,0.1755433678627014,0.0553103536367416,0.1899555176496505,0.2614090740680694,-0.2082342505455017,-2.0908136709913245,-0.0757578519877601,-0.1245282014140777
15.968717041665514,-0.0184056311845779,0.1265609264373779,0.0182905346155166,0.1468109786510467,0.3095757961273193,-0.2472873777151107,-2.087763461757957,-0.0745508867253042,-0.1219215740025195
15.97877304166468,-0.0146039985120296,0.1136403679847717,0.0149701833724975,0.1294767260551452,0.3591758608818054,-0.2464218586683273,-2.084198447983927,-0.0730899065642084,-0.1194616887936418
15.988829041671124,0.0065841069445014,0.0497981905937194,0.0831624269485473,0.1108788102865219,0.3923239409923553,-0.2542906999588012,-2.0802621963417387,-0.0714682474240286,-0.1172413871235699
15.998884041669951,-0.0172492396086454,-0.0110605955123901,0.1503508538007736,0.127139538526535,0.4239189028739929,-0.2631084322929382,-2.076016477579378,-0.0697436410772103,-0.1149678118752829
16.00894004166912,-0.013770880177617,-0.0177946090698242,0.146537035703659,0.1862529218196869,0.468260794878006,-0.2691029608249664,-2.071357597214889,-0.0681505776380297,-0.1123223122699116
16.018996041668288,0.0126618836075067,-0.0197887420654296,0.1121052652597427,0.2466185241937637,0.4887668490409851,-0.264444500207901,-2.0663098836149345,-0.0668251578045363,-0.1091079454031644
16.029052041667455,0.0158765316009521,-0.0281267166137695,0.0884109735488891,0.273769199848175,0.4624870419502258,-0.2736760675907135,-2.0613063569212207,-0.0656746723042388,-0.1055182452017695
16.039108041666623,-0.0003742668777704,-0.0435736775398254,0.0820109546184539,0.2326159328222274,0.4166789650917053,-0.2562471330165863,-2.056684760651089,-0.0645288499807496,-0.1019542029187648
16.04916404166579,0.0096941031515598,-0.0481885075569152,0.0578672885894775,0.1548215448856353,0.3982560038566589,-0.2162014544010162,-2.052446496127886,-0.0633144844878824,-0.0991290437917905
16.059220041664958,0.030478673055768,-0.0664991736412048,0.0239347070455551,0.0899839997291565,0.4213824868202209,-0.1755219101905822,-2.0482105365822454,-0.0621674905356825,-0.0971258136811807
16.069275041671062,0.0309521798044443,-0.0796172618865966,0.0365277379751205,0.0787483900785446,0.4786891937255859,-0.154865100979805,-2.0436263846518847,-0.0610172578587428,-0.0956896046491215
16.07933104167023,0.0238791797310113,-0.0607686042785644,0.0481829643249511,0.1102321073412895,0.5193085074424744,-0.1288552284240722,-2.038515639063596,-0.0601629813659593,-0.0942029736278595
16.089386749998084,0.0130842756479978,-0.0826961994171142,0.0982061624526977,0.1109168007969856,0.5675048232078552,-0.118386335670948,-2.0329359675234304,-0.0595828788247581,-0.0926200647616089
16.099442750004528,0.0061423610895872,-0.0956538319587707,0.1604634374380111,0.1024867370724678,0.6335948705673218,-0.1251656860113144,-2.026804465367998,-0.0589234765306521,-0.0911782285883424
16.109498750003695,0.0171367302536964,-0.064937949180603,0.1814149469137191,0.1605058461427688,0.729212760925293,-0.1244958937168121,-2.0198585760837156,-0.0583761584475383,-0.0894628629162485
16.119554750002862,0.0363511145114898,-0.0272423028945922,0.2045422792434692,0.2268880903720855,0.8502376079559326,-0.1241546645760536,-2.0117980192251275,-0.0581028645007098,-0.087128741267789
16.12961075000203,0.0660734325647354,-0.0110869407653808,0.2567818164825439,0.2588862478733063,1.021806716918945,-0.1312197744846344,-2.0022754067123056,-0.0579801634412777,-0.0844103523383348
16.139666750001197,0.0915450677275657,0.0023726820945739,0.3369407653808594,0.2812229692935943,1.2426458597183228,-0.139479249715805,-1.9907054152362116,-0.0578493520820745,-0.081413153614129
16.149721750000026,0.1180076077580452,0.0961766242980957,0.400003433227539,0.3480321168899536,1.3964543342590332,-0.1433352380990982,-1.9771828112409895,-0.0578175043342211,-0.0779528619311928
16.159777749999193,0.1385109722614288,0.0809082388877868,0.3986105918884277,0.4212619364261627,1.5283836126327517,-0.1709324568510055,-1.9622963083307692,-0.057880818871812,-0.0737664214964623
16.16983374999836,0.1024384573101997,0.0450479984283447,0.3602503538131714,0.4991476833820343,1.6859652996063232,-0.2079000622034073,-1.9458145841671648,-0.0578224663215978,-0.0688129495596901
16.179889750004804,0.0497449338436126,0.0432233214378356,0.3756481409072876,0.584229588508606,1.794216513633728,-0.2421599924564361,-1.9279532697343824,-0.0576723368036364,-0.0628686814741774
16.18994575000397,0.0135806202888488,0.0322074294090271,0.4230709075927734,0.6500269770622253,1.9227800369262695,-0.2623243927955627,-1.908914172153912,-0.057373765905522,-0.0561924009101333
16.20000175000314,-0.0060840025544166,0.0170584321022033,0.5033446550369263,0.8118700385093689,2.0538811683654785,-0.2565098702907562,-1.8884440108165632,-0.0572106279266926,-0.0484881002210136
16.210057750002306,-0.0204734504222869,0.021268606185913,0.517439603805542,1.190310001373291,2.2270069122314453,-0.2666703462600708,-1.8663448777715537,-0.0577580026776366,-0.0381138991923678
16.220112750001135,-0.0438416823744773,0.0253700613975524,0.5175982713699341,1.6248764991760254,2.3200159072875977,-0.3481325507164001,-1.8425716618665515,-0.0588068723548356,-0.023724312545021
16.230168750000303,-0.0207678899168968,0.0285812616348266,0.3953211307525635,1.8874881267547607,2.389143228530884,-0.3999512791633606,-1.817841365553668,-0.0596936943373471,-0.0054749438874529
16.24022474999947,-0.0029947236180305,0.0026874542236328,0.3476152420043945,1.7155048847198486,2.4364728927612305,-0.414223164319992,-1.7923798509448756,-0.0599078205309466,0.0133927910712821
16.250280749998637,0.0335915833711624,-0.063291311264038,0.2651845216751098,1.1748725175857544,2.4416286945343018,-0.3349901437759399,-1.7669021915105148,-0.0593337253663834,0.0286417296734694
16.26033675000508,0.0599574819207191,-0.1128461956977844,0.1823639869689941,0.4017761349678039,2.413342237472534,-0.298503041267395,-1.742009387880139,-0.0576856797836111,0.0371395505903667
16.27039275000425,0.0737106353044509,-0.1568400263786316,0.1503211259841919,-0.3417339622974396,2.4061365127563477,-0.2458302676677703,-1.7177482465444596,-0.0550028313287048,0.0376928711343262
16.280448750003416,0.0985532253980636,-0.1730842590332031,0.1156473159790039,-0.6361764669418335,2.4270973205566406,-0.1781646907329559,-1.6937158580371814,-0.0522247482035012,0.0328258882903858
16.290503750002244,0.1303037703037262,-0.0565038323402404,0.0522284507751464,-0.5289698839187622,2.3847341537475586,-0.1534747928380966,-1.669781618980547,-0.0499145834532876,0.0268306975592578
16.300559750001412,0.1718471944332122,-0.0171552896499633,-0.1700260639190673,-0.1400893181562423,2.3046751022338867,-0.1929197609424591,-1.646323088926327,-0.0478987095483172,0.023577524533301
16.31061575000058,0.1459250152111053,0.0231534242630004,-0.2800496816635132,0.1869042515754699,2.208624839782715,-0.2461030781269073,-1.6235916549416616,-0.0457054763465243,0.024074062577633
16.320671749999747,0.1395435035228729,0.0115907192230224,-0.2490854263305664,0.2747063636779785,2.1299431324005127,-0.2659078538417816,-1.6016451110748204,-0.043216614390933,0.0266351692316825
16.330727749998914,0.1708082258701324,-0.0494773983955383,-0.1847445964813232,0.2244482487440109,2.048581123352051,-0.2633903622627258,-1.5805512469249805,-0.0406155844944301,0.0292400405856504
16.34078374999808,0.156189888715744,-0.0454133749008178,-0.1446486711502075,0.1125264167785644,1.948216199874878,-0.2514891624450683,-1.5603720324981694,-0.0379976571244079,0.0309399995686067
16.350839750004525,0.1675403267145156,-0.0043487548828125,-0.1897503137588501,0.0365717336535453,1.8499207496643064,-0.2057376503944397,-1.5412577557021965,-0.0356746692257223,0.0316388483439849
16.360894750003354,0.1973933279514312,-0.0417903661727905,-0.2678829431533813,-0.0181730054318904,1.7484838962554932,-0.1938992142677307,-1.5231721838874113,-0.0337046037379267,0.0315740262452113
16.37095075000252,0.1661058366298675,-0.0440646409988403,-0.3199259042739868,-0.0228985212743282,1.6499046087265017,-0.2063558846712112,-1.5061066893137272,-0.0316975299437595,0.031184918074406
16.38100675000169,0.1418175995349884,-0.0202603340148925,-0.3388736248016357,0.0059274472296237,1.544261455535889,-0.1915994137525558,-1.490057714789931,-0.0297005506042378,0.0309765182263081
16.391062750000856,0.1466083526611328,-0.0452357530593872,-0.331882894039154,-0.0299269575625658,1.4817349910736084,-0.157087504863739,-1.474897252369508,-0.0279657066520131,0.0306850612331535
16.401118750000023,0.1256292760372162,-0.0610025525093078,-0.2734388709068298,-0.0645596385002136,1.460194110870361,-0.1309067904949188,-1.4601397959862696,-0.0265857844653453,0.0300287535814746
16.41117474999919,0.1048515141010284,-0.080321192741394,-0.1663784980773925,-0.0993913859128952,1.4626036882400513,-0.1121663972735405,-1.445517411537499,-0.0254646842919788,0.0290399841246419
16.421230749998358,0.0912034511566162,-0.0817389488220214,-0.0871719121932983,-0.104406826198101,1.4992672204971311,-0.0920360907912254,-1.4306809284245972,-0.0246058316791201,0.0277843932706843
16.431285750004463,0.0818858444690704,-0.0638346076011657,-0.0367504954338073,-0.063253529369831,1.5487242937088013,-0.0887651965022087,-1.4154081050530796,-0.0238270915273809,0.0267439077287528
16.44134175000363,0.0863319337368011,-0.0284821391105651,0.0366910099983215,-0.0405342392623424,1.6520673036575315,-0.0778496190905571,-1.39938805204213,-0.023083380191169,0.0260785658143703
16.451397750002798,0.0936455279588699,-0.0343629717826843,0.1338212490081787,0.0029815470334142,1.7768619060516355,-0.0621018148958683,-1.3821545979366194,-0.0224694480625548,0.0256500537498443
16.461453750001965,0.0942968130111694,-0.040596604347229,0.1872485876083374,0.0776034072041511,1.8732426166534424,-0.0563794262707233,-1.3637787899007328,-0.0217980729262689,0.0259319022018153
16.471509750001132,0.0927259027957916,0.0040596723556518,0.24591726064682,0.0902973636984825,1.95726478099823,-0.0323633067309856,-1.344511840830805,-0.0211825218140473,0.0267134733059101
16.4815657500003,0.101118579506874,-0.0132990479469299,0.309600830078125,-0.0154510345309972,2.0524091720581055,0.0060220304876565,-1.3243813213779343,-0.0209903870287011,0.0270381969582092
16.491621749999467,0.1078650057315826,-0.0686087608337402,0.3355879783630371,-0.120723657310009,2.171074390411377,0.0098465969786047,-1.303187364387934,-0.0212651875096924,0.0263500309383656
16.501676749998296,0.1010078638792038,-0.0304811000823974,0.3463313579559326,-0.1252319067716598,2.313981533050537,0.0206558611243963,-1.2806709942353345,-0.0217775057405618,0.0251151103690988
16.51173275000474,0.1042032092809677,0.0154829621315002,0.365054726600647,-0.1384566277265548,2.4777591228485107,0.0206710416823625,-1.2566025963319831,-0.0223513330806207,0.0239016793852145
16.521788750003907,0.1211733669042587,-0.0046691298484802,0.3603909611701965,-0.0961658582091331,2.5969409942626953,0.0063302651979029,-1.231099081367622,-0.0229354215332801,0.0227046859632405
16.531844750003074,0.1421705931425094,-0.0116956830024719,0.2463495731353759,0.1022351160645484,2.637040138244629,-0.0712454840540885,-1.2046710334930553,-0.0226584066685446,0.022562826175653
16.54190075000224,0.136642724275589,0.049774944782257,0.148183524608612,0.2713474631309509,2.5810961723327637,-0.0900780037045478,-1.1784050293146826,-0.0213611411883701,0.024004265928348
16.55195675000141,0.1185850799083709,0.1099127531051635,0.080691397190094,0.2132937759160995,2.436361074447632,-0.1002323701977729,-1.1531841848801612,-0.0193832981612974,0.0259927780263908
16.562012750000576,0.0962399840354919,0.0236841440200805,0.0653338432312011,-0.0587000623345375,2.317190170288086,-0.0996446385979652,-1.1293544320553035,-0.0181003542765777,0.0263415463784572
16.572068749999744,0.0401711612939834,-0.0286166071891784,0.0716257095336914,-0.3708733916282654,2.29064416885376,-0.0870601311326026,-1.1062897922943025,-0.0182091654818983,0.0238443696922312
16.582123749998573,0.015390545129776,-0.0090702772140502,0.0484848022460937,-0.5123132467269897,2.3270673751831055,-0.0458514988422393,-1.0831666141383829,-0.0197080469571755,0.0195016540730024
16.592179750005016,0.0294005274772644,-0.0213204026222229,-0.0256046019494533,-0.4352107644081116,2.377328395843506,-0.0287492126226425,-1.0596222084455795,-0.0217119767901354,0.0150705437881185
16.602235750004184,0.0335440784692764,0.02474045753479,-0.0643662214279174,-0.3455667197704315,2.402188301086426,-0.0327008105814456,-1.035644153267655,-0.0234046791802476,0.011548423775286
16.61229175000335,0.0568880513310432,0.0568013191223144,-0.1110779643058776,-0.2662447392940521,2.371131896972656,-0.0386300720274448,-1.0116978104726475,-0.0247530027927765,0.0086985277202761
16.62234775000252,0.0838909894227981,0.0497771501541137,-0.2041061520576477,-0.1593888998031616,2.309800863265991,-0.0785588175058364,-0.988216434173074,-0.0254512526477673,0.0065434541973521
16.632403750001686,0.0695087164640426,0.0645226240158081,-0.2057004570960998,-0.0876119136810302,2.212007522583008,-0.1420091688632965,-0.9655002564622548,-0.0252410538959176,0.0049056913681053
16.642459750000853,0.0736116841435432,0.0739281177520752,-0.1798889636993408,-0.0644560828804969,2.0896639823913574,-0.1624295860528946,-0.9438622578977348,-0.0244269238209872,0.0033453996306002
16.652514749999682,0.1143799424171447,0.0778350234031677,-0.17575204372406,-0.0823948755860328,1.9850847721099856,-0.1539759188890457,-0.9234511007367276,-0.0235492813781781,0.0018258449588195
16.66257074999885,0.1509080529212951,0.0663910508155822,-0.1525330543518066,-0.1810109168291092,1.969374656677246,-0.1372798681259155,-0.9036894068677424,-0.0231763359257693,-0.0001025032862957
16.672626749998017,0.1649210602045059,0.0260350108146667,-0.0717735290527343,-0.2943968772888183,1.9381853342056272,-0.1123444214463234,-0.8840662783537747,-0.0238136227386426,-0.0029477428702941
16.68268275000446,0.19581139087677,0.0174192786216735,-0.1447839140892028,-0.2166402488946914,1.893114447593689,-0.1030355393886566,-0.8648869932264585,-0.0246882120767002,-0.0056490438818219
16.692738750003628,0.1933667212724685,0.0764676928520202,-0.1493266224861145,-0.1220516860485076,1.8563600778579712,-0.1140269339084625,-0.8460953799395335,-0.0249558338763623,-0.0076553624332267
16.702794750002795,0.1948608160018921,0.0466128587722778,-0.0851324200630188,-0.069239966571331,1.8610177040100095,-0.0799902379512786,-0.8275001012138198,-0.0249425966851281,-0.0090436859328736
16.712850750001962,0.1848758161067962,-0.0196105241775512,0.006267674267292,-0.0715886056423187,1.923313021659851,0.0016074151499196,-0.808594097648748,-0.0251435561568693,-0.009878856384163
16.72290575000079,0.1739501655101776,-0.0632466077804565,0.1601960808038711,-0.017273923382163,2.0439417362213135,0.0598692037165164,-0.78872713319434,-0.0256398430086702,-0.0100019442461102
16.73296174999996,0.1727956533432006,-0.076079249382019,0.2752825021743774,0.0573553070425987,2.2468059062957764,0.1467585563659668,-0.7671598904151367,-0.0262853388921795,-0.0091703343730357
16.743017749999126,0.1737823188304901,-0.1216409802436828,0.3826041221618652,0.1214554235339164,2.489287853240967,0.2015939205884933,-0.7433143239556638,-0.0268928127295147,-0.0072621723060713
16.753073749998293,0.1784292161464691,-0.1428419947624206,0.4078685045242309,0.2144900262355804,2.681053638458252,0.2132495194673538,-0.7170843790483714,-0.0268758220183472,-0.0047060960364863
16.763129750004737,0.1992463171482086,-0.1453406810760498,0.29128098487854,0.5250255465507507,2.7813894748687744,0.1722000241279602,-0.6893654076913402,-0.0254318711735089,-0.0008216696857616
16.773185750003904,0.1954943537712097,-0.1014409065246582,0.0961319133639335,0.7995287179946899,2.781440019607544,0.0991812199354171,-0.6611972123984509,-0.0210602944044619,0.0044532780229281
16.78324175000307,0.1953265964984893,-0.0831319689750671,0.0058286786079406,0.9358440041542052,2.6530325412750244,0.042664036154747,-0.6336843538834126,-0.0144533105316986,0.0103381764420331
16.7932967500019,0.1868469715118408,-0.1831189393997192,-0.1028048992156982,0.8830409646034241,2.494502305984497,-0.0310730338096618,-0.6077525969845406,-0.0069499427974118,0.0157154718993223
16.803352750001068,0.1517819464206695,-0.1778097152709961,-0.118279218673706,0.6624645590782166,2.3377726078033447,-0.0540658049285411,-0.5834364259962412,-0.0002036494999494,0.0197221119268749
16.813408750000235,0.1374125778675079,-0.0420430898666381,-0.0897561311721801,0.3254612684249878,2.1644344329833984,0.0245238095521926,-0.5608245274688501,0.0041277535281907,0.0222852620776725
16.823464749999403,0.1584138721227646,-0.0235559940338134,-0.0516905337572097,-0.1136997938156127,2.0114142894744873,0.1438975185155868,-0.5398314784374566,0.0046089856371351,0.0235274802630979
16.83352074999857,0.1411177515983581,-0.1675826907157898,-0.0409780144691467,-0.4897706210613251,1.994564175605774,0.1707374006509781,-0.5197375460682783,0.0011510639595387,0.0233684869848893
16.843576750005013,0.0961231812834739,-0.1735012531280517,-0.0751041173934936,-0.5796018242835999,2.0357205867767334,0.2609831690788269,-0.4994422164227025,-0.0048204622013402,0.0225265512488946
16.85363275000418,0.1266842782497406,-0.109129786491394,-0.2099034190177917,-0.3912236988544464,2.005836009979248,0.3034733533859253,-0.4791081949339463,-0.0105328353175814,0.0227671291358948
16.86368775000301,0.1530869007110595,0.0045045018196105,-0.2757303118705749,-0.2320294082164764,1.9384275674819944,0.3393558859825134,-0.4592084556922941,-0.014723631183916,0.0242190103779799
16.873743750002177,0.1735980957746505,0.054443359375,-0.3495000004768371,-0.1203201934695243,1.778273582458496,0.3379997909069061,-0.4404797404505502,-0.0177546930469766,0.0265762568649507
16.883799750001344,0.1552166938781738,0.062205970287323,-0.3798389434814453,-0.0948850959539413,1.6304198503494265,0.3128190636634826,-0.4232955509261643,-0.0200809099058601,0.0290853144440783
16.89385575000051,0.1297540068626403,0.1142135262489318,-0.3755955696105957,-0.1105098575353622,1.4575974941253662,0.2748535573482513,-0.4076995457067571,-0.0221984567450322,0.0314214826730614
16.90391174999968,0.127946525812149,0.0848636627197265,-0.3579887747764587,-0.2692421972751617,1.327483296394348,0.2206151187419891,-0.3936988708962838,-0.0247664137615048,0.0330510944798982
16.913967749998847,0.1196990460157394,0.0872898697853088,-0.3106396198272705,-0.540178656578064,1.233963131904602,0.2063211351633072,-0.3808881428679548,-0.0293749515432093,0.0334515272127804
16.924023749998014,0.0997290909290313,0.0883325934410095,-0.3026745915412903,-0.8417914509773254,1.1833734512329102,0.1993168145418167,-0.3687720878893668,-0.0366559064090839,0.0327885078103184
